product_name,school_name,full_url,cost,prog_type,difficulty,skills,description
Data Engineer,School of Data Science,https://www.udacity.com/course/data-engineer-nanodegree--nd027,paid,nanodegree,intermediate,"Data Modeling, Data Pipelines, Data Lakes, Spark, Airflow","Data Engineering is the foundation for the new world of Big Data. Enroll now to build production-ready data infrastructure, an essential skill for advancing your data career.Learn More"
Digital Marketing,School of Business,https://www.udacity.com/course/digital-marketing-nanodegree--nd018,paid,nanodegree,beginner,"Digital Marketing, Social Media Marketing, Facebook Marketing, Search Engine Optimization, Search Engine Marketing, Display Ads, Search Ads",Gain real-world experience running live campaigns as you learn from top experts in the field. Launch your career with a 360-degree understanding of digital marketing.Learn More
Introduction to Programming,School of Programming & Development,https://www.udacity.com/course/intro-to-programming-nanodegree--nd000,paid,nanodegree,beginner,"Introduction to Programming, HTML, CSS, Python","Udacity's Intro to Programming is your first step towards careers in Web and App Development, Machine Learning, Data Science, AI, and more! This program is perfect for beginners.Learn More"
Business Analytics,School of Business,https://www.udacity.com/course/business-analytics-nanodegree--nd098,paid,nanodegree,beginner,"Excel & Spreadsheets, SQL, Data Visualization, Data Dashboards","Gain foundational data skills applicable to any industry. Collect and analyze data, model business scenarios, and communicate your findings with SQL, Excel, and Tableau.Learn More"
Data Scientist,School of Data Science,https://www.udacity.com/course/data-scientist-nanodegree--nd025,paid,nanodegree,advanced,"Machine Learning, Deep Learning, Software Engineering","Build effective machine learning models, run data pipelines, build recommendation systems, and deploy solutions to the cloud with industry-aligned projects.Learn More"
Programming for Data Science with Python,School of Data Science,https://www.udacity.com/course/programming-for-data-science-nanodegree--nd104,paid,nanodegree,beginner,"Python, Numpy & Pandas, SQL, Git & GitHub","Learn the fundamental programming tools for data professionals: Python, SQL, the Terminal and Git.Learn More"
Data Analyst,School of Data Science,https://www.udacity.com/course/data-analyst-nanodegree--nd002,paid,nanodegree,intermediate,"Data Wrangling, Matplotlib, Bootstrapping, Pandas & NumPy, Statistics","Use Python, SQL, and statistics to uncover insights, communicate critical findings, and create data-driven solutions.Learn More"
Product Manager,School of Business,https://www.udacity.com/course/product-manager-nanodegree--nd036,paid,nanodegree,beginner,"Product Strategy, Product Design, Product Development, Design Sprint, Product Launch","Envision and execute the development of industry-defining products, and learn how to successfully bring them to market.Learn More"
UX Designer,School of Business,https://www.udacity.com/course/ux-designer-nanodegree--nd578,paid,nanodegree,beginner,"User Research, User Experience, Prototyping, Interactive Design, User Interface Design, Usability Testing",Design impactful user experiences for products in today’s digital world.Learn More
Front End Web Developer,School of Programming & Development,https://www.udacity.com/course/front-end-web-developer-nanodegree--nd0011,paid,nanodegree,intermediate,"JavaScript, HTML, CSS, Webpack, Flexbox, Node, Object-Oriented Programming",Learn how to build high quality websites and dynamic applications to create stunning user experiences for the web.Learn More
Artificial Intelligence for Trading,School of Artificial Intelligence,https://www.udacity.com/course/ai-for-trading--nd880,paid,nanodegree,intermediate,"Momentum Trading Strategy, Smart Beta, Alpha Factors, Natural Language Processing, Deep Learning, Neural Networks","Complete real-world projects designed by industry experts, covering topics from asset management to trading signal generation. Master AI algorithms for trading, and build your career-ready portfolio.Learn More"
AI Programming with Python,School of Artificial Intelligence,https://www.udacity.com/course/ai-programming-python-nanodegree--nd089,paid,nanodegree,beginner,"Python, NumPy, Pandas, Matplotlib, PyTorch","Learn Python, NumPy, Pandas, Matplotlib, PyTorch, Calculus, and Linear Algebra—the foundations for building your own neural network.Learn More"
Machine Learning Engineer,School of Artificial Intelligence,https://www.udacity.com/course/machine-learning-engineer-nanodegree--nd009t,paid,nanodegree,intermediate,"Machine Learning, Supervised Learning, Unsupervised Learning, Deep Learning","Become a machine learning engineer and apply predictive models to massive data sets in fields like education, finance, healthcare or robotics.Learn More"
Full Stack Web Developer,School of Programming & Development,https://www.udacity.com/course/full-stack-web-developer-nanodegree--nd0044,paid,nanodegree,intermediate,"Python, JavaScript, PostgreSQL, Flask, Docker, Kubernetes","Learn to design and develop powerful modern web applications that form the foundation for the apps, websites, and systems that people and businesses use every day.Learn More"
Deep Learning,School of Artificial Intelligence,https://www.udacity.com/course/deep-learning-nanodegree--nd101,paid,nanodegree,intermediate,"Deep Learning, Neural Networks, Jupyter Notebooks, CNNs, GANs",Deep learning is driving advances in artificial intelligence that are changing our world. Enroll now to build and apply your own deep neural networks to produce amazing solutions to important challenges.Learn More
Self Driving Car Engineer,School of Autonomous Systems,https://www.udacity.com/course/self-driving-car-engineer-nanodegree--nd013,paid,nanodegree,advanced,"Computer Vision, Deep Learning, Sensor Fusion, Localization, Self-Driving Cars","Self-driving cars are set to revolutionize the way we live. This is transformational technology, on the cutting-edge of robotics, machine learning, software engineering, and mechanical engineering. In this program, you’ll learn the skills and techniques used by self-driving car teams at the most advanced technology companies in the world.Learn More"
C++,School of Autonomous Systems,https://www.udacity.com/course/c-plus-plus-nanodegree--nd213,paid,nanodegree,intermediate,"Data Structures & Algorithms, Memory Management, Concurrency, Object Oriented Programming, C++",Get hands-on experience by building five real-world projects.Learn More
Data Structures and Algorithms,School of Programming & Development,https://www.udacity.com/course/data-structures-and-algorithms-nanodegree--nd256,paid,nanodegree,intermediate,"Data Structures and Algorithms, Problem Solving, Interview Practice Problems, Python",Get hands-on practice with over 100 data structures and algorithm exercises and technical mentor support when needed to help prepare you for interviews and on-the-job scenarios.Learn More
Data Product Manager,School of Business,https://www.udacity.com/course/data-product-manager-nanodegree--nd030,paid,nanodegree,intermediate,"Data Science, Product Management, Product Design, Data Visualization, User Journey Maps","Hone specialized skills in Data Product Management by learning how to apply data science best practices to build data-driven products backed by scalable data strategies to deliver the right experience to the right users, at the right time.Learn More"
SQL,School of Data Science,https://www.udacity.com/course/learn-sql--nd072,paid,nanodegree,beginner,"SQL, PostgreSQL, JOINs, Subqueries, Window Functions, Partitions, Data Cleaning, DDL, DML, Relational and Non-Relational Databases","Master SQL, the core language for Big Data analysis, and enable insight-driven decision-making and strategy for your business.Learn More"
Java Developer,School of Programming & Development,https://www.udacity.com/course/java-developer-nanodegree--nd035,paid,nanodegree,intermediate,"Java, Spring Boot, Rest API, MySQL, MongoDB",Learn back-end development with the Java programming languageLearn More
Blockchain Developer,School of Programming & Development,https://www.udacity.com/course/blockchain-developer-nanodegree--nd1309,paid,nanodegree,intermediate,"Ethereum Blockchain, Blockchain Architecture, Data Auditing","Demand for blockchain developers is skyrocketing. In this program, you'll work with the Bitcoin and Ethereum protocols, build projects for real-world application, and gain the essential skills for a career in this dynamic space.Learn More"
Deep Reinforcement Learning,School of Artificial Intelligence,https://www.udacity.com/course/deep-reinforcement-learning-nanodegree--nd893,paid,nanodegree,advanced,"Reinforcement Learning, Neural Networks, PyTorch, Deep Q-Networks (DQN), Deep Deterministic Policy Gradients (DDPG)",Master the deep reinforcement learning skills that are powering amazing advances in AI. Then start applying these to applications like video games and robotics.Learn More
iOS Developer,School of Programming & Development,https://www.udacity.com/course/ios-developer-nanodegree--nd003,paid,nanodegree,intermediate,"Swift programming, Core Data, UIKit, iOS networking, app publishing, User interfaces, Local Persistence, APIs","Master the Swift programming language, and create a portfolio of iOS apps for iPhone and iPad to showcase your skills!Learn More"
Activation and Retention Strategy,School of Business,https://www.udacity.com/course/activation-and-retention-strategy--nd037-2,paid,nanodegree,intermediate,"Product Management, Activation Funnels, Retention Analysis, Churn Analysis, Segment Analysis, User Engagement, Cohort Analysis","Hone specialized Product Management skills in activation and retention strategy. Guide users through the activation funnel as fast as possible, so they reach your product’s aha-moment, and deploy experiments to improve customer lifetime value and decrease churn.Learn More"
React,School of Programming & Development,https://www.udacity.com/course/react-nanodegree--nd019,paid,nanodegree,intermediate,"React, Redux, React Native",React is completely transforming Front-End Development. Master this powerful UI library from Facebook with Udacity.Learn More
Computer Vision,School of Artificial Intelligence,https://www.udacity.com/course/computer-vision-nanodegree--nd891,paid,nanodegree,advanced,"Convolutional Neural Networks (CNN), Recurrent Neural Networks (RNN), Simultaneous Localization and Mapping (SLAM), Object Tracking, Image Classification, Deep Learning","Learn the computer vision skills behind advances in robotics and automation. Write programs to analyze images, implement feature extraction, and recognize objects using deep learning models.Learn More"
AI Product Manager,School of Artificial Intelligence,https://www.udacity.com/course/ai-product-manager-nanodegree--nd088,paid,nanodegree,beginner,"AI Products, Training ML Models, Annotating Datasets, Prototyping a Product",Learn to develop AI products that deliver business value. Build skills that help you compete in the new AI-powered world.Learn More
Robotics Software Engineer,School of Autonomous Systems,https://www.udacity.com/course/robotics-software-engineer--nd209,paid,nanodegree,advanced,"C++, ROS, Localization, Mapping, SLAM, Navigation, Path Planning, Robot Operating System, Robotics","Build five hands-on projects to acquire core robotics software engineering skills: ROS, Gazebo, Localization, Mapping, SLAM, Navigation, and Path Planning.Learn More"
Cloud DevOps Engineer,School of Cloud Computing,https://www.udacity.com/course/cloud-dev-ops-nanodegree--nd9991,paid,nanodegree,intermediate,"AWS, Configuration Management with Ansible, Continuous Integration / Continuous Deployment, Microservices with Kubernetes, CloudFormation","Companies are looking for talented DevOps engineers to remain competitive in this agile world. Enroll now to operationalize infrastructure at scale and deliver applications and services at high velocity, an essential skill for advancing your career.Learn More"
Data Streaming,School of Data Science,https://www.udacity.com/course/data-streaming-nanodegree--nd029,paid,nanodegree,advanced,"Data Streaming, Spark, Kafka, Kafka Streaming, Spark Streaming",Learn how to stream data to unlock key insights in real-time.Learn More
Sensor Fusion Engineer,School of Autonomous Systems,https://www.udacity.com/course/sensor-fusion-engineer-nanodegree--nd313,paid,nanodegree,advanced,"Perception, Lidar, Radar, Sensors, Computer Vision","Learn to fuse lidar point clouds, radar signatures, and camera images using Kalman Filters to perceive the environment and detect and track vehicles and pedestrians over time.Learn More"
Cloud Developer,School of Cloud Computing,https://www.udacity.com/course/cloud-developer-nanodegree--nd9990,paid,nanodegree,intermediate,"AWS, Microservices, Serverless Architecture, Kubernetes","Cloud development is the foundation for the new world of software development. Enroll now to build and deploy production-ready full stack apps at scale on AWS, an essential skill for advancing your web development career.Learn More"
Monetization Strategy,School of Business,https://www.udacity.com/course/monetization-strategy--nd037-3,paid,nanodegree,intermediate,"Product Management, Monetization Models, Pricing Strategy, Buyer Personas, Lifetime Value, Customer Acquisition Cost, Pricing Metrics, Growth Strategy","Monetization Strategy is the third of three courses in the Growth Product Manager Nanodegree program. Hone specialized Product Management skills in monetization strategy by learning how to implement strategies to drive profitable growth for your business. Build and test pricing plans and market selection, target the right buyer personas, and be equipped to harness their full lifetime value.Learn More"
Intro to Self-Driving Cars,School of Autonomous Systems,https://www.udacity.com/course/intro-to-self-driving-cars--nd113,paid,nanodegree,intermediate,"Computer Vision, Machine Learning, Vehicle Motion, Control",This introductory program is the perfect way to start your journey.Learn More
Intro to Machine Learning with PyTorch,School of Artificial Intelligence,https://www.udacity.com/course/intro-to-machine-learning-nanodegree--nd229,paid,nanodegree,intermediate,"Introduction to Machine Learning, Supervised Learning, Deep Learning, Unsupervised Learning","Build a solid foundation in Supervised, Unsupervised, and Deep Learning. Then, use these skills to test and deploy machine learning models in a production environment.Learn More"
Artificial Intelligence,School of Artificial Intelligence,https://www.udacity.com/course/ai-artificial-intelligence-nanodegree--nd898,paid,nanodegree,advanced,"AI Algorithms, Search Algorithms, Optimization, Planning, Pattern Recognition","Learn essential Artificial Intelligence concepts from AI experts like Peter Norvig and Sebastian Thrun, including search, optimization, planning, pattern recognition, and more.Learn More"
Artificial Intelligence,School of Artificial Intelligence,https://www.udacity.com/course/ai-artificial-intelligence-nanodegree--nd898,paid,course,intermediate,"Artificial Intelligence, Probability, Bayesian Networks, Logic and Planning, Machine Learning","This course gives a survey of topics in AI along with in-depth foundational concepts such as classical search, probability, machine learning, logic and planning.Learn More"
AWS Cloud Architect,School of Cloud Computing,https://www.udacity.com/course/aws-cloud-architect-nanodegree--nd063,paid,nanodegree,advanced,"Cloud Infrastructure, Cloud Security, AWS, CloudFormation, High Availability Infrastructure, Serverless Computing","Lead your organization's cloud computing strategy as an AWS Cloud Architect. Plan, design, and build secure, high availability cloud infrastructure.Learn More"
Marketing Analytics,School of Business,https://www.udacity.com/course/marketing-analytics-nanodegree--nd028,paid,nanodegree,beginner,"Google Analytics, Excel & Spreadsheets, Data Visualization, Customer Segmentation","Gain foundational data skills applicable to marketing. Collect and analyze data, model marketing scenarios, and communicate your findings with Excel, Tableau, Google Analytics, and Data Studios.Learn More"
Intro to Machine Learning with TensorFlow,School of Artificial Intelligence,https://www.udacity.com/course/intro-to-machine-learning-with-tensorflow-nanodegree--nd230,paid,nanodegree,intermediate,"TensorFlow, Deep Learning, scikit-learn, Supervised Learning, Unsupervised Learning","Build a solid foundation in Supervised, Unsupervised, and Deep Learning. Then, use these skills to test and deploy machine learning models in a production environment.Learn More"
Intermediate JavaScript,School of Programming & Development,https://www.udacity.com/course/intermediate-javascript-nanodegree--nd032,paid,nanodegree,intermediate,"Functional Programming, DOM, Data Structures, Asynchronous Programming, Synchronous Programming","Master JavaScript, the most popular programming language in the world. Be equipped for advanced roles in web development, server-side application development, and desktop development.Learn More"
Agile Software Development,School of Business,https://www.udacity.com/course/agile-software-development-nanodegree--nd144,paid,nanodegree,beginner,"Agile, Scrum, Kanban, XP, Minimum Viable Product","The Agile Software Development Nanodegree program equips you with the skills you need to guide the delivery of high value products with top notch software development teams.
Learn More"
Predictive Analytics For Business,School of Business,https://www.udacity.com/course/predictive-analytics-for-business-nanodegree--nd008,paid,nanodegree,beginner,"Data Wrangling, Classification, A/B Testing, Forecasting, Segmentation","Predictive analytics is the practice of determining patterns from data to predict future outcomes and trends. Across industries, it enables high-value solutions to important business problems.Learn More"
Natural Language Processing,School of Artificial Intelligence,https://www.udacity.com/course/natural-language-processing-nanodegree--nd892,paid,nanodegree,advanced,"Machine Learning, Speech Recognition, Sentiment Analysis, Machine Translation, Part of Speech Tagging","Learn the skills to get computers to understand, process, and respond to human language. Build models on real data, and get hands-on experience with sentiment analysis, machine translation, and more.Learn More"
Cloud DevOps using Microsoft Azure,School of Cloud Computing,https://www.udacity.com/course/cloud-devops-using-microsoft-azure-nanodegree--nd082,paid,nanodegree,intermediate,"Infrastructure as Code,  Configuration Management,  Agile Planning,  Continuous Integration,  Continuous Delivery,  Test Automation,  Monitoring","Learn how to deploy, test, and monitor cloud applications on Azure, one of the most popular cloud services platforms used by businesses across the globe.Learn More"
AI for Healthcare,School of Artificial Intelligence,https://www.udacity.com/course/ai-for-healthcare-nanodegree--nd320,paid,nanodegree,advanced,"Artificial Intelligence, 2D Medical Imaging, 3D Medical Imaging, Electronic Health Record Data, Deep Learning, Wearable Device Data, Supervised Learning","Be at the forefront of the revolution of AI in Healthcare, and transform patient outcomes. Enable enhanced medical decision-making powered by machine learning to build the treatments of the future.Learn More"
Introduction to Cybersecurity,School of Programming & Development,https://www.udacity.com/course/intro-to-cybersecurity-nanodegree--nd545,paid,nanodegree,beginner,"Threat Assessment, Security Vulnerabilities, Compliance, Governance, Risk, Incident Response","Get your start in the high growth field of Cybersecurity by building foundational skills in how to evaluate, maintain, and monitor the security of computer systems.Learn More"
Android Basics,School of Programming & Development,https://www.udacity.com/course/android-basics-nanodegree-by-google--nd803,paid,nanodegree,beginner,"Android Development, Java programming, Android Studio, XML layouts, Android Views",No programming experience? No Problem! Start developing Android apps today.Learn More
Data Visualization,School of Data Science,https://www.udacity.com/course/data-visualization-nanodegree--nd197,paid,nanodegree,beginner,"Data Visualization, Tableau, Dashboards, Data Storytelling","Combine data, visuals, and narrative to tell impactful stories and make data-driven decisions.Learn More"
AI for Business Leaders,School of Business,https://www.udacity.com/course/ai-for-business-leaders--nd054,paid,nanodegree,intermediate,"Artificial Intelligence, Machine Learning, Business Strategy, Data Labeling, Data Modeling","Master the foundations of artificial intelligence so you can strategically implement machine learning technology in your organization, and leverage it for corporate growth.Learn More"
Flying Car and Autonomous Flight Engineer,School of Autonomous Systems,https://www.udacity.com/course/flying-car-nanodegree--nd787,paid,nanodegree,advanced,"3D Motion Planning, Controls, Estimation, Kalman Filters","Master job-ready autonomous flight software engineering skills as you tackle advanced challenges, write real code for real aircraft, and develop a systems understanding of the Flying Car full-stack.Learn More"
Data Science for Business Leaders,School of Business,https://www.udacity.com/course/data-science-for-business-leaders--nd045,paid,nanodegree,intermediate,"Business Strategy, Data Science, Data Architecture, Machine Learning, Human Capital","Master the people, platforms, and processes required to leverage the power of Data Science in your business.Learn More"
Programming for Data Science with R,School of Data Science,https://www.udacity.com/course/programming-for-data-science-nanodegree-with-R--nd118,paid,nanodegree,beginner,"R, SQL, Git","Prepare for a data science career by learning the fundamental data programming tools: R, SQL, command line, and git.Learn More"
Intel® Edge AI for IoT Developers,School of Artificial Intelligence,https://www.udacity.com/course/intel-edge-ai-for-iot-developers-nanodegree--nd131,paid,nanodegree,advanced,"Edge AI, Computer Vision, Deep Learning, Edge Computing, AI Modeling, Deep Neural Networks (DNN), Convolutional Neural Networks (CNN), IoT, Intel® Distribution of OpenVINO™ Toolkit, Intel® DevCloud for the Edge",Lead the development of cutting-edge Edge AI applications that are the future of the Internet of Things. Leverage the Intel® Distribution of OpenVINO™ Toolkit to fast-track development of high-performance computer vision and deep learning inference applications.Learn More
Growth Product Manager,School of Business,https://www.udacity.com/course/growth-product-manager-nanodegree--nd037,paid,nanodegree,intermediate,"Product Management, Growth Strategy, Customer Acquisition, Activation Strategy, Monetization Strategy, Performance Optimization","Hone specialized Product Management skills in growth strategy. Lead experimentation and data-driven decision-making in your organization to drive products to reach the next level of scale, impact, and profitability.Learn More"
Security Engineer,School of Programming & Development,https://www.udacity.com/course/security-engineer-nanodegree--nd698,paid,nanodegree,intermediate,"Cryptography, Risk Evaluation, Authentication, Authorization, Access
Management, Penetration Testing",Take advantage of the growing need for skilled security professionals by mastering the sought-after skills to protect an organization’s computer networks and systems from security threats or attacks.Learn More
Security Analyst,School of Programming & Development,https://www.udacity.com/course/security-analyst-nanodegree--nd324,paid,nanodegree,intermediate,"Security controls,  Defensible Network Architecture,  security threat mitigation,  threat modeling,  vulnerability assessment,  incident detection and handling","The Security Analyst Nanodegree program was designed to help students take advantage of the growing need for skilled information security analysts. Students will learn to identify, correct and respond to security weaknesses and incidents and get hands-on experience monitoring network traffic, analyzing alert and log data, and following incident handling procedures.Learn More"
Java Programming,School of Programming & Development,https://www.udacity.com/course/java-programming-nanodegree--nd079,paid,nanodegree,beginner,"Object-oriented programming,  functional programming,  I/O,  reflection,  concurrent programming,  Java modules","This Nanodegree program is intended to elevate your Java abilities and teach you the fundamental skills used by Java developers to design, code, test and deploy cutting-edge Java software. It is ideal for programming beginners with little or no Java experience who want to set themselves up for success as a professional Java developer and deploy functional Java-based applications of their own creation.Learn More"
Intermediate Python,School of Programming & Development,https://www.udacity.com/course/intermediate-python-nanodegree--nd303,paid,nanodegree,intermediate,"Python, Object-oriented programming, Modular code, Python Package Index","The Intermediate Python Nanodegree program teaches intermediate-level skills for programming with the Python language.  It is ideal for developers interested in using Python to build more complex algorithms with greater capabilities in preparation for a variety of different roles spanning fields like data science, AI, and software engineering.Learn More"
Android Kotlin Developer,School of Programming & Development,https://www.udacity.com/course/android-kotlin-developer-nanodegree--nd940,paid,nanodegree,intermediate,"Android Development, Kotlin, Android Studio, Gradle, RESTful interfaces, Web APIs, App Architecture, Databases, Custom Views, Notifications, Location Services, Testing, Firebase","Master Android app development with Kotlin, a modern programming language that enables developers to be more productive.Learn More"
RPA Developer with UiPath,School of Programming & Development,https://www.udacity.com/course/rpa-developer-nanodegree--nd340,paid,nanodegree,beginner,"Process Automation, Business Operations, UiPath Studio, UiPath Orchestator",Build the operational processes that enable the businesses of the future.Learn More
Data Architect,School of Data Science,https://www.udacity.com/course/data-architect-nanodegree--nd038,paid,nanodegree,advanced,"Entity relationship diagrams,  Relational Data Design,  Online Analytical Processing,  Operational Data Stores,  Data Lake Architecture,  Data Governance","Learn how to plan, design and implement enterprise data infrastructure solutions and create the blueprints for your organization’s data success.Learn More"
Hybrid Cloud Engineer,School of Cloud Computing,https://www.udacity.com/course/hybrid-cloud-engineer-nanodegree--nd321,paid,nanodegree,intermediate,"Hyper-converged infrastructure,  Hybrid Cloud,  Public Cloud,  Private Cloud,  HCI Clusters,  Workload Management,  On premise,  Off premise","This Nanodegree program, built in collaboration with experts from Nutanix, a leader in the cutting edge field of hyperconverged infrastructure software, takes cloud technology and data-center professionals on an in-depth journey into the design, deployment, and management of infrastructure and applications together on the Hybrid Cloud. Master the concepts you need to transform how your IT teams manage applications and support the business.Learn More"
Cloud Developer using Microsoft Azure,School of Cloud Computing,https://www.udacity.com/course/cloud-developer-using-microsoft-azure-nanodegree--nd081,paid,nanodegree,intermediate,"Virtual Machines,  App Services,  Microservices,  Serverless Functions,  Cloud Migration","The Cloud Developer using Microsoft Azure program prepares students with critical cloud computing skills in how to deploy, build, migrate, and monitor applications on Azure.Learn More"
Machine Learning Engineer for Microsoft Azure,School of Artificial Intelligence,https://www.udacity.com/course/machine-learning-engineer-for-microsoft-azure-nanodegree--nd00333,paid,nanodegree,intermediate,"Azure Machine Learning, Azure Machine Learning SDK, Automation with Pipelines, Automated ML, Machine Learning Operations","Strengthen your machine learning skills and build practical experience by training, validating, and evaluating models using Azure Machine Learning. Learn More"
Microsoft Power Platform,School of Programming & Development,https://www.udacity.com/course/microsoft-power-platform--ud091,free,course,beginner,"Microsoft Power Platform, Power Apps, Power Automate, Azure AI Builder","Learn to build powerful and effective solutions with ease with Microsoft Power Platform. Created in partnership with the Microsoft Power Platform team, this course will introduce you to efficient low-code solutions for data analytics, app development, and artifical intelligence.Learn More"
Web Tooling & Automation,School of Programming & Development,https://www.udacity.com/course/web-tooling-automation--ud892,free,course,intermediate,"Installing Sublime Text, Installing Plugins, Gulp, Live Editing, ESLint","In this course, you’ll learn how to setup your development environment and save a lot of time and effort with automatic optimization.Learn More"
Front End Frameworks,School of Programming & Development,https://www.udacity.com/course/front-end-frameworks--ud894,free,course,advanced,"Single Page Applications, Building Angular apps, Building Ember apps, Underscore's template function, Backbone events and routing","Explore and build interactive, single-page applications with popular JavaScript frameworks!Learn More"
Responsive Web Design Fundamentals,School of Programming & Development,https://www.udacity.com/course/responsive-web-design-fundamentals--ud893,free,course,intermediate,"Responsive design patterns, Remote debugging and emulation, Optimizing layout, CSS media queries, CSS flexbox",Learn and practice strategies for developing websites that look great on every device! Made with Google's Pete LePage.Learn More
Linux Command Line Basics,School of Programming & Development,https://www.udacity.com/course/linux-command-line-basics--ud595,free,course,beginner,"Command line interface (Linux server), Terminal and Shell (GNU Bash), Linux filesystem, Shell commands",An introduction to the Linux command line interface.Learn More
How to Install Android Studio,School of Programming & Development,https://www.udacity.com/course/how-to-install-android-studio--ud808,free,course,beginner,"Android, Android Studio, Java",Participate in this short tutorial to install Android Studio on your computer and set up a new project using the program's Project Wizard.Learn More
Android Basics: Multiscreen Apps,School of Programming & Development,https://www.udacity.com/course/android-basics-multiscreen-apps--ud839,free,course,beginner,"Android Development, Intents and Activities, Data, Loops and Custom Classes, Images and Visual Polish, Audio and Libraries","Learn to build multiple screens and link them together, expanding the range of apps you can create! You'll also learn how to play audio and add images to your apps.Learn More"
Website Performance Optimization,School of Programming & Development,https://www.udacity.com/course/website-performance-optimization--ud884,free,course,intermediate,"Chrome Developer Tools, DOM and CSSOM, Critical Rendering Path HTML, CSS and JavaScript optimizations","Learn how browsers convert HTML, CSS and JavaScript into websites while you experiment with Chrome Developer Tools to measure and optimize website speed!Learn More"
iOS Networking with Swift,School of Programming & Development,https://www.udacity.com/course/ios-networking-with-swift--ud421,free,course,advanced,"Networking, URLSession, JSON Parsing",Learn how to incorporate networking into your apps to access data from around the world. Build the On the Map app to share location and fun links with fellow students.Learn More
JavaScript Design Patterns,School of Programming & Development,https://www.udacity.com/course/javascript-design-patterns--ud989,free,course,advanced,"Separating concerns, Code organization, Using an Organizational Library, KnockoutJS",Learn the importance of code organization and how to implement it with either vanilla JavaScript or an organizational library or framework.Learn More
Android Basics: User Input,School of Programming & Development,https://www.udacity.com/course/android-basics-user-input--ud836,free,course,beginner,"Android Development, Java, Object Oriented Programming, Conditional Code, Methods, Variables",Learn how to make your apps interactive using buttons and text! In this course you'll learn the basics of the Java programming language and how to apply them to Android.Learn More
Android Performance,School of Programming & Development,https://www.udacity.com/course/android-performance--ud825,free,course,advanced,"Android Development, Performance, Optimization","Performance matters to users, so it must matter to you. Learn how to identify and fix bottlenecks in your Android applications, and ensure a smooth user experience.Learn More"
Responsive Images,School of Programming & Development,https://www.udacity.com/course/responsive-images--ud882,free,course,intermediate,"Responsive Images, Mobile Image debugging, Creating responsive graphics",Go beyond image tags! Learn how to make images a part of your responsive design workflow.Learn More
Xcode Debugging,School of Programming & Development,https://www.udacity.com/course/xcode-debugging--ud774,free,course,advanced,"Debugging, LLDB","In this course, you'll learn standard methodologies for debugging software, and how to use Xcode's debugging tools to find and squash bugs.Learn More"
Gradle for Android and Java,School of Programming & Development,https://www.udacity.com/course/gradle-for-android-and-java--ud867,free,course,advanced,"Android Development, Gradle, Java",Build bigger and better Android and Java apps using the Gradle build tool.Learn More
Build Native Mobile Apps with Flutter,School of Programming & Development,https://www.udacity.com/course/build-native-mobile-apps-with-flutter--ud905,free,course,intermediate,Android Development,Learn from experts at Google how to use Flutter to craft high-quality native interfaces on iOS and Android devices in record time.Learn More
JavaScript Promises,School of Programming & Development,https://www.udacity.com/course/javascript-promises--ud898,free,course,advanced,"Native JavaScript Promises, Asynchronous code, Advanced error handling, Generating sequences of async work",Learn how to simplify asynchronous work with Native JavaScript Promises!Learn More
UIKit Fundamentals,School of Programming & Development,https://www.udacity.com/course/uikit-fundamentals--ud788,free,course,intermediate,"AutoLayout, Navigation, Table Views, Collection Views","Learn the iOS UIKit framework, which is the cornerstone of creating user interfaces in all iOS apps and crucial for any iOS Developer to be intimately familiar with.Learn More"
Android Basics: User Interface,School of Programming & Development,https://www.udacity.com/course/android-basics-user-interface--ud834,free,course,beginner,"Android Development, Building Layouts, Android Studio, Views and ViewGroups, Styling",Learn how to design your first layout in Android! This is the first course in the Android Basics Nanodegree program.Learn More
Client-Server Communication,School of Programming & Development,https://www.udacity.com/course/client-server-communication--ud897,free,course,advanced,"HTTP request and response cycle, HTTP headers and verbs, HTTP/1 and HTTP/2 capabilities, HTTPS, Client-Server Communication","Learn how a client communicates with a server, including HTTP's request and response cycle, HTTP/2 and HTTPs.Learn More"
What is Programming?,School of Programming & Development,https://www.udacity.com/course/what-is-programming--ud994,free,course,beginner,"",This course is your first step towards a career in programming.Learn More
Building High Conversion Web Forms,School of Programming & Development,https://www.udacity.com/course/building-high-conversion-web-forms--ud890,free,course,intermediate,"Research HTML5 input types, Datalist input, User input validation with HTML5 attributes, Validate user input using JavaScript, Optimizing forms","Increase conversions with best practices for fast, efficient forms! Learn how to design and build web forms for users on any device.Learn More"
Advanced Android App Development,School of Programming & Development,https://www.udacity.com/course/advanced-android-app-development--ud855,free,course,advanced,"Android Development, Fragments, Libraries, Firebase, Espresso","Make your app production-ready by applying advanced features like library integration, material design, widgets, receiving cloud messages, and more!Learn More"
Software Architecture & Design,School of Programming & Development,https://www.udacity.com/course/software-architecture-design--ud821,free,course,intermediate,"Unified Modeling Language, Object Constraint Language, Software Architecture, Software Design, Code Review",Software Architecture and Design teaches the principles and concepts involved in the analysis and design of large software systems.Learn More
Intro to Information Security,School of Programming & Development,https://www.udacity.com/course/intro-to-information-security--ud459,free,course,intermediate,"Software Security, Cryptography, Network Security, Privacy, Public Policy",Learn More
Authentication & Authorization: OAuth,School of Programming & Development,https://www.udacity.com/course/authentication-authorization-oauth--ud330,free,course,intermediate,"Flask, OAuth 2.0, Authentication & Authorization, Python",Learn to implement the OAuth 2.0 framework to allow users to securely and easily login to your web applications.Learn More
Intro to iOS App Development with Swift,School of Programming & Development,https://www.udacity.com/course/intro-to-ios-app-development-with-swift--ud585,free,course,intermediate,"Swift, UIKit, AVFoundation",Take the first step in becoming an iOS Developer by learning about Swift and writing your first app.Learn More
Introduction to Operating Systems,School of Programming & Development,https://www.udacity.com/course/introduction-to-operating-systems--ud923,free,course,intermediate,"Processes & Threads, Memory Management, Inter-Process Communication, Resource Virtualization, Distributed File Systems","Introduction to Operating Systems teaches the basic operating system abstractions, mechanisms, and their implementations.Learn More"
Android Basics: Networking,School of Programming & Development,https://www.udacity.com/course/android-basics-networking--ud843,free,course,beginner,"Android Development, JSON Parsing, HTTP Networking, Threads and Parallelism, Control Flow and Conditionals, Preferences","This class teaches the basics of networking using Android, and is a part of the Android Basics Nanodegree by Google.Learn More"
Web Accessibility,School of Programming & Development,https://www.udacity.com/course/web-accessibility--ud891,free,course,advanced,"Accessibility, Screen Readers, Focus, Semantics, ARIA","Get hands-on experience making web applications accessible. You’ll understand when and why users need accessibility, then you’ll dive into how to implement.Learn More"
Android Basics: Data Storage,School of Programming & Development,https://www.udacity.com/course/android-basics-data-storage--ud845,free,course,beginner,"Android Development, SQLite, ContentProvider, CursorAdapter & CursorLoader, Database, Design","In this course, you'll learn the basics of data storage in Android, building your first database and an app that could be used for any small business!Learn More"
Scalable Microservices with Kubernetes,School of Programming & Development,https://www.udacity.com/course/scalable-microservices-with-kubernetes--ud615,free,course,intermediate,"Microservices, Docker, Kubernetes, Deploying Microservices","This course is designed to teach you about managing microservices, using Kubernetes. This course is built in partnership with experts such as Google’s Kelsey Hightower.Learn More"
Developing Android Apps with Kotlin,School of Programming & Development,https://www.udacity.com/course/developing-android-apps-with-kotlin--ud9012,free,course,intermediate,Android Development,Learn the fundamentals of the Kotlin programming language from Kotlin experts at Google.Learn More
Browser Rendering Optimization,School of Programming & Development,https://www.udacity.com/course/browser-rendering-optimization--ud860,free,course,advanced,"Browser Rendering Response, Animation, Idle and Load (RAIL), Optimizing JavaScript, How to debug an app",This course will demystify the browser's rendering pipeline and make it easy for you to build high performance web apps.Learn More
Learn Swift Programming Syntax,School of Programming & Development,https://www.udacity.com/course/learn-swift-programming-syntax--ud902,free,course,intermediate,"Variables and Constants, Control Flow, Functions, Optionals, OOP","This course focuses on the syntax of the Swift programming language. By the end of the course, you'll be able to apply Swift essentials to building iOS apps.Learn More"
Offline Web Applications,School of Programming & Development,https://www.udacity.com/course/offline-web-applications--ud899,free,course,intermediate,"Developing offline-first applications, Understanding Lie-Fi, Service Worker DevTools, IndexedDB, IndexedDB asset caching",Learn how to develop offline-first web application using Service Workers and IndexedDB.Learn More
Kotlin for Android Developers,School of Programming & Development,https://www.udacity.com/course/kotlin-for-android-developers--ud888,free,course,advanced,"Kotlin, Android","Take an Android app in Java and convert it to Kotlin, learning key features of the Kotlin programming language along the way.Learn More"
UX Design for Mobile Developers,School of Programming & Development,https://www.udacity.com/course/ux-design-for-mobile-developers--ud849,free,course,beginner,"Android, UX Design, User-Centered Design",This is a design course made for developers. You'll learn UX design skills which will help you make 5-star mobile apps that your users will love.Learn More
Software Development Process,School of Programming & Development,https://www.udacity.com/course/software-development-process--ud805,free,course,intermediate,"Software Development Life Cycle, Requirements Engineering, Design Patterns, Black-Box & White-Box Testing, Agile Development Methodology","Software Development Processes explores requirements engineering, architecture and design, testing, and software quality in general.Learn More"
Data Visualization in Tableau,School of Programming & Development,https://www.udacity.com/course/data-visualization-in-tableau--ud1006,free,course,beginner,"Tableau, Design of Visualizations, Visual Encodings",Learn the fundamentals of data visualization and practice communicating with data.Learn More
Intro to Progressive Web Apps,School of Programming & Development,https://www.udacity.com/course/intro-to-progressive-web-apps--ud811,free,course,intermediate,"Progressive Web Apps, Service Workers, Web App Manifest, Offline apps",In this course you’ll get started working on your very first Progressive Web App (PWA) - a web app that can take advantage of many features native applications have enjoyed!Learn More
Writing READMEs,School of Programming & Development,https://www.udacity.com/course/writing-readmes--ud777,free,course,beginner,"README, Markdown, Making code easier to read",Documentation is an important part of the development process. Learn to write READMEs using Markdown so your code can be used by other humans!Learn More
Software Analysis & Testing,School of Programming & Development,https://www.udacity.com/course/software-analysis-testing--ud333,free,course,intermediate,"Software Testing, Debugging, Dataflow Analysis, Constraint-based Analysis, Symbolic Execution","This course covers the theory and practice of software analysis, which is at the heart of software development processes such as diagnosing bugs, testing, and debugging.Learn More"
iOS Persistence and Core Data,School of Programming & Development,https://www.udacity.com/course/ios-persistence-and-core-data--ud325,free,course,advanced,"Data Persistence, Core Data, UserDefaults, FileManager","Persisting data is a core skill for any iOS developer. Learn how to store app data to your device using three common techniques: NSUserDefaults, Sandbox, and Core Data.Learn More"
Computer Networking,School of Programming & Development,https://www.udacity.com/course/computer-networking--ud436,free,course,intermediate,"Software-Defined Networking, Data Center Networking, Content Distribution, Congestion Control, Traffic Shaping",This is an advanced Computer Networking course that delves into the latest concepts and tools used by the CN industry.Learn More
Firebase Analytics: iOS,School of Programming & Development,https://www.udacity.com/course/firebase-analytics-ios--ud353,free,course,intermediate,"Android Development, Firebase Analytics, Firebase Crash Reporting, Firebase Remote Config, Firebase Dynamic Links","Learn how to grow an app's user base using Firebase Analytics, a free and unlimited analytics solutionLearn More"
Human-Computer Interaction,School of Programming & Development,https://www.udacity.com/course/human-computer-interaction--ud400,free,course,intermediate,"Design Principles, Direct Manipulation Interfaces, Mental Models, Distributed Cognition, Prototyping","This course is an introductory course on human-computer interaction, covering the principles, techniques, and open areas of development in HCI.Learn More"
2D Game Development with libGDX,School of Programming & Development,https://www.udacity.com/course/2d-game-development-with-libgdx--ud405,free,course,intermediate,"LibGDX, Game Development, 2D","This course explores how to use LibGDX to build 2D games that run anywhere, from web browsers to mobile devices. At the end you will create a full game, called Icicles.Learn More"
Intro to jQuery,School of Programming & Development,https://www.udacity.com/course/intro-to-jquery--ud245,free,course,intermediate,"jQuery, DOM Structure, Reading jQuery documentation, Modify HTML attributes and content",Learn how to access and modify the DOM with ease using jQuery!Learn More
Cyber-Physical Systems Security,School of Programming & Development,https://www.udacity.com/course/cyber-physical-systems-security--ud279,free,course,intermediate,"Industrial Networks, Industrial Control Systems, Smart Grid Infrastructure, Cyber Security, Privacy",This course provides an introduction to security issues relating to cyber-physical systems including industrial control systems and critical infrastructures.Learn More
Introduction to Graduate Algorithms,School of Programming & Development,https://www.udacity.com/course/introduction-to-graduate-algorithms--ud401,free,course,advanced,Georgia Institute of Technology,Learn advanced techniques for designing algorithms and apply them to hard computational problems.Learn More
Dynamic Web Applications with Sinatra,School of Programming & Development,https://www.udacity.com/course/dynamic-web-applications-with-sinatra--ud268,free,course,intermediate,"Ruby, Sinatra, Building web applications","Sinatra is a micro-framework for quickly developing small Ruby applications for the web. In this course, you'll learn all about Sinatra, routing, and templating.Learn More"
How to Make a Platformer Using libGDX,School of Programming & Development,https://www.udacity.com/course/how-to-make-a-platformer-using-libgdx--ud406,free,course,intermediate,"LibGDX, Game Development, Asset management","This course will explore how to create a game called Giga Gal. Giga Gal is a platformer in which you run, collect energy packs, jump a bunch, and shoot enemies.Learn More"
JavaScript Testing,School of Programming & Development,https://www.udacity.com/course/javascript-testing--ud549,free,course,intermediate,"Javascript Apps, Jasmine testing framework, red-green-refactor workflow",Learn how to iterate on your web applications with confidence using the red-green-refactor workflow cycle and automated testing frameworks.Learn More
Object-Oriented JavaScript,School of Programming & Development,https://www.udacity.com/course/object-oriented-javascript--ud711,free,course,intermediate,"Object Oriented Javascript, Object-oriented programming, Data and functionality, Prototypal inheritance",Learn More
Localization Essentials,School of Programming & Development,https://www.udacity.com/course/localization-essentials--ud610,free,course,beginner,"Localization, Google Translator Toolkit, Localization at Google","Localization is about making a product feel tailored to users around the world. Specifically, it is the process of adapting a product to a language, culture and market.Learn More"
Compilers: Theory and Practice,School of Programming & Development,https://www.udacity.com/course/compilers-theory-and-practice--ud168,free,course,intermediate,"Compilers, Semantic Analysis, Syntax Directed Translation, Control Flow Analysis",This course teaches the theory and practice behind building compilers for higher level programming languages.Learn More
HTML5 Canvas,School of Programming & Development,https://www.udacity.com/course/html5-canvas--ud292,free,course,beginner,"HTML5 Canvas, Canvas2D, Creating animation",Learn how you can use HTML5 Canvas to create and modify images or even interactive animations.Learn More
Object Oriented Programming in Java,School of Programming & Development,https://www.udacity.com/course/object-oriented-programming-in-java--ud283,free,course,intermediate,"Object Oriented Programming, Java, User Interaction",Learn how to apply powerful object-oriented programming concepts in JavaLearn More
Designing RESTful APIs,School of Programming & Development,https://www.udacity.com/course/designing-restful-apis--ud388,free,course,intermediate,"Flask, REST APIs, Python",Build and secure a web server with a RESTful Developer-Friendly API that developers will love to use.Learn More
GT - Refresher - Advanced OS,School of Programming & Development,https://www.udacity.com/course/gt-refresher-advanced-os--ud098,free,course,intermediate,"Operating Systems, Virtual Memory, File Systems, Multithreaded Programming, Networking","This course covers the essential Operating Systems concepts students need in preparation for the rest of the GT """"Advanced Operating Systems"""" sequence.Learn More"
Intro to JavaScript,School of Programming & Development,https://www.udacity.com/course/intro-to-javascript--ud803,free,course,beginner,"JavaScript, Conditionals, Loops, Data Types & Variables","Learn the fundamentals of JavaScript, the most popular programming language in web development.Learn More"
Grand Central Dispatch (GCD),School of Programming & Development,https://www.udacity.com/course/grand-central-dispatch-gcd--ud576,free,course,intermediate,"Closures, GCD",Learn how to prevent background operations from interfering with an app's UI by implementing Apple's GCD framework.Learn More
Swift for Beginners,School of Programming & Development,https://www.udacity.com/course/swift-for-beginners--ud1022,free,course,beginner,"Variables and Constants, Strings, Control Flow, Functions","Learn Swift, Apple's programming language for building iOS applications. Start with the basics and work your way towards completing sets of challenges in Swift.Learn More"
Intro to Statistics,School of Programming & Development,https://www.udacity.com/course/intro-to-statistics--st101,free,course,beginner,"Probability, Descriptive Statistics, Inferential Statistics","Get ready to analyze, visualize, and interpret data! Thought-provoking examples and chances to combine statistics and programming will keep you engaged and challenged.Learn More"
Intro to HTML and CSS,School of Programming & Development,https://www.udacity.com/course/intro-to-html-and-css--ud001,free,course,beginner,"HTML, CSS, CSS Syntax, HTML Syntax Problem Set","In this course, you'll learn the fundamentals web development, along with best practices and professional problem-solving techniques using Developer Tools.Learn More"
Developing Android Apps,School of Programming & Development,https://www.udacity.com/course/new-android-fundamentals--ud851,free,course,intermediate,"Android Development, Layouts, Intents, UI","Build a cloud-connected Android app, and learn the tools, principles, and best practices of mobile and Android development that you'll apply to your own projects.Learn More"
Introduction to Python Programming,School of Programming & Development,https://www.udacity.com/course/introduction-to-python--ud1110,free,course,beginner,"","In this course, you'll learn the fundamentals of the Python programming language, along with programming best practices. You’ll learn to represent and store data using Python data types and variables, and use conditionals and loops to control the flow of your programs. You’ll harness the power of complex data structures like lists, sets, dictionaries, and tuples to store collections of related data. You’ll define and document your own custom functions, write scripts, and handle errors. Lastly, you’ll learn to find and use modules in the Python Standard Library and other third-party libraries.Learn More"
Introduction to Virtual Reality,School of Programming & Development,https://www.udacity.com/course/introduction-to-virtual-reality--ud1012,free,course,beginner,"VR development, Unity, Google VR SDK for Unity, General understanding of how VR works, Deploying to Android and iOS","If you are interested in learning more about virtual reality, this course will teach you the principles of VR technology and help you understand what you can build in VR.Learn More"
Objective-C for Swift Developers,School of Programming & Development,https://www.udacity.com/course/objective-c-for-swift-developers--ud1009,free,course,intermediate,"iOS, Swift, Objective-C, Control Flow Syntax","Learn the distinguishing language features of Objective-C. Practice Objective-C syntax by writing classes, and writing and calling methods.Learn More"
Software Testing,School of Programming & Development,https://www.udacity.com/course/software-testing--cs258,free,course,intermediate,"Software Testing, Debugging, Code Coverage",Learn how to catch bugs and break software as you discover different testing methods that will help you build better software.Learn More
Interactive 3D Graphics,School of Programming & Development,https://www.udacity.com/course/interactive-3d-graphics--cs291,free,course,intermediate,"Animated 3D Demo Program, Computer Image Generation, Programming Vertex and Pixel Shaders","This course will teach you the principles of 3D computer graphics: meshes, transforms, lighting, animation, and making interactive 3D applications run in a browser.Learn More"
Full Stack Foundations,School of Programming & Development,https://www.udacity.com/course/full-stack-foundations--ud088,free,course,intermediate,"Flask, CRUD, Model-View-Controller, Python, Object-relational Mapping",Learn the fundamentals of back-end web development by creating your own web application from the ground up using the iterative development process.Learn More
High Performance Computer Architecture,School of Programming & Development,https://www.udacity.com/course/high-performance-computer-architecture--ud007,free,course,advanced,"Processor Pipelining, Branch Prediction, Instruction Scheduling, Memory Ordering, Multiprocessor Architectures","The HPCA course covers performance measurement, pipelining, and improved parallelism through various means.Learn More"
AutoLayout,School of Programming & Development,https://www.udacity.com/course/auto-layout--ud1026,free,course,intermediate,"Design, UI, Stack Views, Constraints","With this course, you will learn about AutoLayout and how to use stack views and constraints to create pixel-perfect UIs.Learn More"
Kotlin Bootcamp for Programmers,School of Programming & Development,https://www.udacity.com/course/kotlin-bootcamp-for-programmers--ud9011,free,course,intermediate,Android Development,Learn the fundamentals of the Kotlin programming language from Kotlin experts at Google.Learn More
Shell Workshop,School of Programming & Development,https://www.udacity.com/course/shell-workshop--ud206,free,course,"","",Learn More
Core ML: Machine Learning for iOS,School of Programming & Development,https://www.udacity.com/course/core-ml--ud1038,free,course,intermediate,"iOS, Image Classification, Core ML",Learn how to use Apple's Core ML framework to build iOS apps with intelligent new features.Learn More
Statistics,School of Programming & Development,https://www.udacity.com/course/statistics--st095,free,course,beginner,"Statistical Research Methods, Data Visualization, Distributions, Hypothesis Testing, Regression",We live in a time of unprecedented access to information. You'll learn how to use statistics to interpret that information and make decisions.Learn More
Intro to Theoretical Computer Science,School of Programming & Development,https://www.udacity.com/course/intro-to-theoretical-computer-science--cs313,free,course,intermediate,"theoretical computer science, NP-completeness, Recognizing algorithmic problems, Solving algorithmic problems",Learn the basic concepts in theoretical computer science. Discover what they imply for solving tough computational challenges.Learn More
Design of Computer Programs,School of Programming & Development,https://www.udacity.com/course/design-of-computer-programs--cs212,free,course,advanced,"Computer Program Design, Python, Design Process","Learn how to model problems, and how to optimize performance by using some of the advanced features of Python.Learn More"
Data Wrangling with MongoDB,School of Programming & Development,https://www.udacity.com/course/data-wrangling-with-mongodb--ud032,free,course,intermediate,"Gathering Data, Assessing Data, Cleaning Data, Data Wrangling, MongoDB","Data Scientists spend most of their time cleaning data. In this course, you will learn to convert and manipulate messy data to extract what you need.Learn More"
Swift for Developers,School of Programming & Development,https://www.udacity.com/course/swift-for-developers--ud1025,free,course,beginner,"Variables and Constants, Strings, Control Flow, Functions",Get a quick practical introduction to Swift programming basics and build your first iOS app!Learn More
Firebase in a Weekend: Android,School of Programming & Development,https://www.udacity.com/course/firebase-in-a-weekend-by-google-android--ud0352,free,course,intermediate,Android Development,This course will teach you when and why to choose Firebase as a backend for your Android application.Learn More
Software Debugging,School of Programming & Development,https://www.udacity.com/course/software-debugging--cs259,free,course,intermediate,"Debugging, Python, Automated Debugging",In this course you will learn how to debug programs systematically using scientific methods and build several automated debugging tools in Python.Learn More
Deploying a Hadoop Cluster,School of Programming & Development,https://www.udacity.com/course/deploying-a-hadoop-cluster--ud1000,free,course,intermediate,"Data Analysis, Hadoop, MapReduce",Deploy your own Hadoop cluster to crunch some big data!Learn More
Server-Side Swift,School of Programming & Development,https://www.udacity.com/course/server-side-swift--ud1031,free,course,intermediate,"Swift Package Manager, MySQL, Docker, Terraform, Microservices","In this course, built in collaboration with IBM and Hashicorp, you'll learn how to use Swift as a server-side language for building end-to-end applications.Learn More"
Programming Languages,School of Programming & Development,https://www.udacity.com/course/programming-languages--cs262,free,course,intermediate,"Introduciton to Programming Languages, Validate and Process Strings, HTML and JavaScript, Build your own web browser","This course is an introduction to the fundamentals of programming languages. Concepts include how to specify and process valid strings, sentences and program structures.Learn More"
Networking for Web Developers,School of Programming & Development,https://www.udacity.com/course/networking-for-web-developers--ud256,free,course,beginner,"HTTP, Domain Name System, Ping, TCP/IP stack, IP addressing",You've used the Internet. Now find out more about how it works.Learn More
Database Systems Concepts & Design,School of Autonomous Systems,https://www.udacity.com/course/database-systems-concepts-design--ud150,free,course,intermediate,"Database Management Systems, Relational Algebra, Sequential Query Language, Data Indexing, SQL Injection",This course presents an example of applying a database application development methodology to a major real-world project.Learn More
Intro to Physics,School of Programming & Development,https://www.udacity.com/course/intro-to-physics--ph100,free,course,beginner,"Kinematics, Dynamics, Trigonometry, Periodic Motion, Electricity","Go to the places where big physics discoveries were made in the past and make them yourself. You’ll visit Italy, the Netherlands, and the UK as you learn basic physics.Learn More"
Intro to Relational Databases,School of Programming & Development,https://www.udacity.com/course/intro-to-relational-databases--ud197,free,course,intermediate,"Rational databases, SQL, Python API, Python DB-API, Select and insert statements",Relational databases are a powerful tool used throughout the industry. Learn the basics of SQL and how to connect your Python code to a relational database.Learn More
ES6 - JavaScript Improved,School of Programming & Development,https://www.udacity.com/course/es6-javascript-improved--ud356,free,course,advanced,"JavaScript, ES6, Syntax, Functions",Learn about the changes made to the JavaScript programming language in ECMAScript 6 and how to use these new improvements to write better cleaner code.Learn More
Mobile Design and Usability for iOS,School of Programming & Development,https://www.udacity.com/course/mobile-design-and-usability-for-ios--ud1034,free,course,intermediate,"Product Design, Prototyping","In this course, taught in collaboration with Facebook, you'll learn how to design an intuitive, user-centered mobile app, from product conception to release.Learn More"
Intro to AJAX,School of Programming & Development,https://www.udacity.com/course/intro-to-ajax--ud110,free,course,intermediate,"Asynchronous requests with JavaScript, Data APIs, Web Applications, Site Customization","Learn how to perform asynchronous requests as you build a web app with data from Google Street View, the New York Times and Wikipedia!Learn More"
Intro to Algorithms,School of Programming & Development,https://www.udacity.com/course/intro-to-algorithms--cs215,free,course,intermediate,"Algorithms, Social Networks, Graph Algorithms","This class will give you an introduction to the design and analysis of algorithms, enabling you to analyze networks and discover how individuals are connected.Learn More"
The MVC Pattern in Ruby,School of Programming & Development,https://www.udacity.com/course/the-mvc-pattern-in-ruby--ud270,free,course,intermediate,"Ruby, Sinatra, MVC Design Pattern, Writing organized code","In this course you’ll learn how to organize your code, and why that’s important. You’ll be using the MVC Design Pattern in the web application micro-framework Sinatra.Learn More"
WeChat Mini Program Development,School of Programming & Development,https://www.udacity.com/course/wechat-mini-programs--ud667,free,course,beginner,WeChat,"Developed by Tencent and Udacity, this course will teach you to build your first Mini Program.Learn More"
Asynchronous JavaScript Requests,School of Programming & Development,https://www.udacity.com/course/asynchronous-javascript-requests--ud109,free,course,intermediate,"Asynchronous Data Retrieval, Ajax with XHR, Ajax with jQuery, Ajax with Fetch",Learn how to asynchronously request data in your web applications with Ajax.Learn More
Embedded Systems,School of Programming & Development,https://www.udacity.com/course/embedded-systems--ud169,free,course,intermediate,"VLIW Architecture, Compilers for Embedded Systems, Differential Register Allocation, Network Processors, Multithreaded Processing","This course takes a holistic view of the embedded system stack focusing on processor architectures, instruction sets, and the associated advanced compiler optimizations.Learn More"
High Performance Computing,School of Programming & Development,https://www.udacity.com/course/high-performance-computing--ud281,free,course,advanced,"Shared Memory Models, Parallel Algorithms, Distributed Memory Models, Message Passing Interfaces, Hierarchical Memory Models","This course will give you solid foundations for developing, analyzing, and implementing parallel and locality-efficient algorithms.  Offered at Georgia Tech as CS6220Learn More"
HTTP & Web Servers,School of Programming & Development,https://www.udacity.com/course/http-web-servers--ud303,free,course,intermediate,"HTTP, Python, Deploying services",HTTP is the fundamental protocol of the Web. Explore how it works using Python code and command-line tools.Learn More
Advanced Android with Kotlin,School of Programming & Development,https://www.udacity.com/course/advanced-android-with-kotlin--ud940,free,course,intermediate,"Kotlin, Android",Develop Feature-Rich Android Apps with the Kotlin Programming Language.Learn More
"Computability, Complexity & Algorithms",School of Programming & Development,https://www.udacity.com/course/computability-complexity-algorithms--ud061,free,course,advanced,Georgia Institute of Technology,Learn tools and techniques that will help you recognize when problems you encounter are intractable and when there an efficient solution.Learn More
Advanced Operating Systems,School of Programming & Development,https://www.udacity.com/course/advanced-operating-systems--ud189,free,course,advanced,"Operating System Kernels, Virtualization, Distributed Systems, Cloud Computing, Real-Time Operating Systems",Learn More
Passwordless Login Solutions for iOS,School of Programming & Development,https://www.udacity.com/course/passwordless-login-solutions-for-ios--ud1028,free,course,intermediate,"Account Kit, Facebook SDK, Graph API","In this course you'll implement Account Kit and Facebook Login side by side in a sample app, test our login flow on a series of common use cases, and wrap things up with an introduction to Facebook’s Graph API.Learn More"
Version Control with Git,School of Programming & Development,https://www.udacity.com/course/version-control-with-git--ud123,free,course,beginner,"Git, Version Control, Creating a Git repo, Editing commits","Learn how to use Git, a popular Version Control System and essential tool for any developer.Learn More"
Firebase in a Weekend: iOS,School of Programming & Development,https://www.udacity.com/course/firebase-in-a-weekend-by-google-ios--ud0351,free,course,intermediate,Android Development,This course will teach you when and why to choose Firebase as a backend for your iOS application.Learn More
Intro to Point & Click App Development,School of Programming & Development,https://www.udacity.com/course/intro-to-point-click-app-development--ud162,free,course,beginner,"Salesforce App Development, Schema Building, Data Modeling",In this short class you'll build powerful apps without writing code. Great if you're an aspiring developer or someone who wants to learn what programmers do.Learn More
Deploying Applications with Heroku,School of Programming & Development,https://www.udacity.com/course/deploying-applications-with-heroku--ud272,free,course,intermediate,"App Deployment, Heroku",Deploy your first web application using the Heroku platform and learn about the underlying mechanics of web hosting.Learn More
Applied Cryptography,School of Programming & Development,https://www.udacity.com/course/applied-cryptography--cs387,free,course,advanced,"Cryptography, Ciphers, Encryption","Cryptography is present in everyday life, from paying with a credit card to using the telephone.  Learn all about making and breaking puzzles in computing.Learn More"
Java Programming Basics,School of Programming & Development,https://www.udacity.com/course/java-programming-basics--ud282,free,course,beginner,"Java Programming, Java Syntax, Java Functions, Loops","Take your first steps towards becoming a Java developer! Learn Java syntax and create conditional statements, loops, and functions.Learn More"
C++ For Programmers,School of Programming & Development,https://www.udacity.com/course/c-for-programmers--ud210,free,course,intermediate,"Pointers and Arrays, Control Flow, Object Oriented Programming, C++ Templates, C++ Standard Library","This course teaches C++ to students already familiar with a programming language. Students will learn how to use header files, control flow, functions, classes.Learn More"
Intro to Backend,School of Programming & Development,https://www.udacity.com/course/intro-to-backend--ud171,free,course,intermediate,"User Input, Producing templated output, Databases and data stores, Secure user account systems",Learn to build a multiuser blog with Google App Engine that permits users to sign inLearn More
Network Security,School of Programming & Development,https://www.udacity.com/course/network-security--ud199,free,course,"",Georgia Institute of Technology,Learn More
JavaScript and the DOM,School of Programming & Development,https://www.udacity.com/course/javascript-and-the-dom--ud117,free,course,intermediate,"",Learn More
Firebase Analytics: Android,School of Programming & Development,https://www.udacity.com/course/firebase-analytics-android--ud354,free,course,intermediate,"Android Development, Firebase, Analytics","Learn how to grow an app's user base using Firebase Analytics, a free and unlimited analytics solutionLearn More"
Configuring Linux Web Servers,School of Programming & Development,https://www.udacity.com/course/configuring-linux-web-servers--ud299,free,course,"","",Learn More
How to Make an iOS App,School of Programming & Development,https://www.udacity.com/course/how-to-make-an-ios-app--ud607,free,course,advanced,"iOS, Ideation and Research, UI, App Store","Learn the process of building an app, taking your ideas from drawing board to App Store!Learn More"
Intro to DevOps,School of Programming & Development,https://www.udacity.com/course/intro-to-devops--ud611,free,course,advanced,"DevOps, CAMS principles, Continuous Integration, Delivery workflows","Learn all about the DevOps landscape, workflow, and a survey of the systems currently being used to support scalable software deployment.Learn More"
Google Maps APIs,School of Programming & Development,https://www.udacity.com/course/google-maps-apis--ud864,free,course,intermediate,"Google Maps APIs, Static Maps, Street View imagery, monitoring API usage",This course will introduce you to the content available through the Google Maps APIs through building a real-estate listings web application step-by-step.Learn More
Passwordless Login Solutions for Android,School of Programming & Development,https://www.udacity.com/course/passwordless-login-solutions-for-android--ud357,free,course,"",Facebook for Developers,Learn More
Mobile Design and Usability for Android,School of Programming & Development,https://www.udacity.com/course/mobile-design-and-usability-for-android--ud358,free,course,intermediate,"Android, Mobile Design, Usability","In this course, taught in collaboration with Facebook, you'll learn how to design an intuitive, user-centered mobile app, from product conception to release.Learn More"
Intro to Psychology,School of Programming & Development,https://www.udacity.com/course/intro-to-psychology--ps001,free,course,beginner,"Pyschology, Research Methods, Biology",Go on a journey through psychological concepts and principles to enable you to gain a more in-depth understanding of human thought and behavior.Learn More
Engagement & Monetization | Mobile Games,School of Programming & Development,https://www.udacity.com/course/engagement-monetization-mobile-games--ud407,free,course,beginner,"Game Development, Monetization, Engagement","You will learn the most effective monetization strategies for your game, how to  keep your players interested and engaged, so that your game stands out in the app store.Learn More"
Material Design for Android Developers,School of Programming & Development,https://www.udacity.com/course/material-design-for-android-developers--ud862,free,course,intermediate,"Android Development, Material Design, Surfaces, Graphic Design",Learn and apply the material design principles that define Android's visual language to your apps.Learn More
Intro to Data Science,School of Data Science,https://www.udacity.com/course/intro-to-data-science--ud359,free,course,intermediate,"Data Analysis Process, pandas (Python package), MapReduce paradigm","What does a data scientist do? In this course, we will survey the main topics in data science so you can understand the skills that are needed to become a data scientist!Learn More"
Intro to Data Analysis,School of Data Science,https://www.udacity.com/course/intro-to-data-analysis--ud170,free,course,beginner,"Data Analysis, Python, numpy, pandas","Explore a variety of datasets, posing and answering your own questions about each. You'll be using the Python libraries NumPy, Pandas, and Matplotlib.Learn More"
SQL for Data Analysis,School of Data Science,https://www.udacity.com/course/sql-for-data-analysis--ud198,free,course,beginner,Mode,Learn to use Structured Query Language (SQL) to extract and analyze data stored in databasesLearn More
Intro to Inferential Statistics,School of Data Science,https://www.udacity.com/course/intro-to-inferential-statistics--ud201,free,course,beginner,"Inferential Statistics, Hypothesis Testing, T-tests, ANOVA",Intro to Inferential Statistics will teach you how to test your hypotheses and begin to make predictions based on statistical results drawn from data!Learn More
Spark,School of Data Science,https://www.udacity.com/course/learn-spark-at-udacity--ud2002,free,course,intermediate,"Spark, SparkSQL, Spark Dataframes, Data Wrangling, Machine Learning",Master how to work with big data and build machine learning models at scale using Spark!Learn More
Data Analysis and Visualization,School of Data Science,https://www.udacity.com/course/data-analysis-and-visualization--ud404,free,course,intermediate,"R, Data Analysis, Data Visualization, Regression","This course will introduce students to the field by covering state­-of-­the-art modeling, analysis and visualization techniques.Learn More"
Rapid Prototyping,School of Business,https://www.udacity.com/course/rapid-prototyping--ud723,free,course,intermediate,"Prototyping, User Research, inVision",Learning to prototype will save you time and money in the development process. You’ll create quality apps faster and have confidence in the viability of your products.Learn More
Creating an Analytical Dataset,School of Business,https://www.udacity.com/course/creating-an-analytical-dataset--ud977,free,course,beginner,"Data Issues, Data Formatting, Data Blending",Learn how to prepare data to ensure the efficacy of your analysis while improving fluency in Alteryx.Learn More
Problem Solving with Advanced Analytics,School of Business,https://www.udacity.com/course/problem-solving-with-advanced-analytics--ud976,free,course,beginner,Linear Regression,"Learn a scientific approach to solving problems with data, a foundational skill for anyone interested in making data driven decisions in a business context.Learn More"
Classification Models,School of Business,https://www.udacity.com/course/classification-models--ud978,free,course,intermediate,"Binary Classication Models, Non-Binary Classification Models",Learn how to use classification predictive models to solve business problems involving non-numeric data.Learn More
Product Design,School of Business,https://www.udacity.com/course/product-design--ud509,free,course,intermediate,"Product Design, Design Sprints, Ideation and Validation, UI/UX","Learn product validation, UI/UX practices, Google’s Design Sprint and the process for setting and tracking actionable metrics.Learn More"
Segmentation and Clustering,School of Business,https://www.udacity.com/course/segmentation-and-clustering--ud981,free,course,intermediate,"Variable Reduction, Clustering Models design",The Segmentation & Clustering course provides students with the knowledge to build and apply clustering models to develop sophisticated segmentation in business contexts.Learn More
Time Series Forecasting,School of Business,https://www.udacity.com/course/time-series-forecasting--ud980,free,course,intermediate,"Time Series Forecasting, ETS Models, ARIMA Models",The Time Series Forecasting course provides students with the foundational knowledge to build and apply time series forecasting models in a variety of business contexts.Learn More
App Marketing,School of Business,https://www.udacity.com/course/app-marketing--ud719,free,course,intermediate,"App Marketing, User Segmentation, Customer Acquisition","This course will help you organize a strategy of identifying your perfect user, and teach you how to grow your user base by focusing your product on their needs.Learn More"
App Monetization,School of Business,https://www.udacity.com/course/app-monetization--ud518,free,course,intermediate,"Product Design, Google Analytics","Learn how to effectively develop, implement, and measure your monetization strategy, iterating on the model as appropriate.Learn More"
A/B Testing for Business Analysts,School of Business,https://www.udacity.com/course/ab-testing--ud979,free,course,intermediate,"A/B Randomized Design Tests, A/B Matched Pair Design Tests",The A/B Testing course provides students with the foundational knowledge to design and analyze A/B tests to create business insights and support decision making.Learn More
How to Build a Startup,School of Business,https://www.udacity.com/course/how-to-build-a-startup--ep245,free,course,intermediate,"Entrepreneurship, Value Proposition, Revenue Models, Customer Segments","Learn what it takes to build a successful startup using the Customer Development process, where entrepreneurs """"get out of the building"""" to gather and iterate on feedback.Learn More"
Get Your Startup Started,School of Business,https://www.udacity.com/course/get-your-startup-started--ud806,free,course,intermediate,"Entrepreneurship, Bootstrapping",Acquire the know-how necessary to see your business grow towards its next milestone.Learn More
Managing Remote Teams with Upwork,School of Business,https://www.udacity.com/course/managing-remote-teams-with-upwork--ud942,free,course,beginner,"Team Management, Workforce Training, Business Strategy, Agile Management, Remote Work",Bring your remote-teams to the next level with hands-on skills to manage your remote workforce effectively.Learn More
Hybrid Cloud Fundamentals,School of Cloud Computing,https://www.udacity.com/course/hybrid-cloud-fundamentals--ud0321,free,course,intermediate,"Hybrid Cloud, Nutanix, Hyperconverged Infrastructure, Prism web console, Private Cloud, Virtual Machine",Dive into the role of a hybrid cloud engineer and learn how to use Nutanix's Hyperconverged Infrastructure (HCI) software to configure the different components of a private cloud cluster.Learn More
Intro to Cloud Computing,School of Cloud Computing,https://www.udacity.com/course/intro-to-cloud-computing--ud080,free,course,beginner,"Cloud Computing,  AWS Console,  Compute Services,  Serverless Architecture,  Cloud Databases","This free course will equip you with the foundational skills you need to pursue a career in cloud computing. The course covers fundamental cloud computing principles and features hands-on practice using AWS, the leading cloud service provider.Learn More"
Cyber-Physical Systems Design & Analysis,School of Autonomous Systems,https://www.udacity.com/course/cyber-physical-systems-design-analysis--ud9876,free,course,advanced,Georgia Institute of Technology,This course provides an introduction to cyber-physical systems with an industrial perspective.Learn More
Differential Equations in Action,School of Autonomous Systems,https://www.udacity.com/course/differential-equations-in-action--cs222,free,course,intermediate,"Math, Differential Equations","Write Python code to find numerical solutions to systems of differential equations. The models you create will fight wildfires, bring spaceships back to earth, and more!Learn More"
Self-Driving Fundamentals: Featuring Apollo,School of Autonomous Systems,https://www.udacity.com/course/self-driving-car-fundamentals-featuring-apollo--ud0419,free,course,beginner,"Apollo HD Map, Localization, Perception, Prediction, Planning, Control","Identify key parts of self-driving cars, utilize Apollo HD Map, localization, perception, prediction, planning and control, and start the learning path of building a self-driving car. Learn More"
Linear Algebra Refresher Course,School of Artificial Intelligence,https://www.udacity.com/course/linear-algebra-refresher-course--ud953,free,course,intermediate,"Algebra, Python, Vectors, Intersections",Learn linear algebra by doing: you will code your own library of linear algebra functions!Learn More
Machine Learning: Unsupervised Learning,School of Artificial Intelligence,https://www.udacity.com/course/machine-learning-unsupervised-learning--ud741,free,course,intermediate,"Randomized Optimization, Clustering, Feature Selection, Feature Transformation, Information Theory",Ever wonder how Netflix can predict what movies you'll like? Or how Amazon knows what you want to buy before you do? The answer can be found in Unsupervised Learning!Learn More
Big Data Analytics in Healthcare,School of Artificial Intelligence,https://www.udacity.com/course/big-data-analytics-in-healthcare--ud758,free,course,intermediate,"Data Analytics, Health Care Applications, Algorithms","In this course, we introduce the characteristics of medical data and associated data mining challenges on dealing with such data. We cover various algorithms and systems.Learn More"
Intro to Descriptive Statistics,School of Artificial Intelligence,https://www.udacity.com/course/intro-to-descriptive-statistics--ud827,free,course,beginner,"Descriptive Statistics, Estimation, Central Limit Theorem",Intro to Descriptive Statistics will teach you the basic concepts of statistics that can be used to extract information from data.Learn More
Intel® Edge AI Fundamentals with OpenVINO™,School of Artificial Intelligence,https://www.udacity.com/course/intel-edge-AI-fundamentals-with-openvino--ud132,free,course,intermediate,"Edge AI, Intel OpenVINO, Computer Vision, Deep Learning",Stay at the cutting-edge of AI technology by gaining practical skills for deploying edge AI. Learn how to use the Intel Distribution of OpenVINO toolkit to deploy computer vision capabilities inside a range of edge applications.Learn More
Artificial Intelligence,School of Artificial Intelligence,https://www.udacity.com/course/artificial-intelligence--ud954,free,nanodegree,advanced,"AI Algorithms, Search Algorithms, Optimization, Planning, Pattern Recognition","Learn essential Artificial Intelligence concepts from AI experts like Peter Norvig and Sebastian Thrun, including search, optimization, planning, pattern recognition, and more.Learn More"
Artificial Intelligence,School of Artificial Intelligence,https://www.udacity.com/course/artificial-intelligence--ud954,free,course,intermediate,"Artificial Intelligence, Probability, Bayesian Networks, Logic and Planning, Machine Learning","This course gives a survey of topics in AI along with in-depth foundational concepts such as classical search, probability, machine learning, logic and planning.Learn More"
Secure and Private AI,School of Artificial Intelligence,https://www.udacity.com/course/secure-and-private-ai--ud185,free,course,advanced,Facebook AI,Learn how to extend PyTorch with the tools necessary to train AI models that preserve user privacy.Learn More
Model Building and Validation,School of Artificial Intelligence,https://www.udacity.com/course/model-building-and-validation--ud919,free,course,advanced,"Questioning, Modeling, Validation, Data Analysis, QMV Process",This course will teach you how to start from scratch in understanding and paying attention to what is important in the data and how to answer questions about data.Learn More
Data Visualization and D3.js,School of Artificial Intelligence,https://www.udacity.com/course/data-visualization-and-d3js--ud507,free,course,intermediate,"d3.js, Design of Visualizations, Data Visualization, Visual Encodings",Learn the fundamentals of data visualization and apply design and narrative concepts to create your own visualization.Learn More
Machine Learning for Trading,School of Artificial Intelligence,https://www.udacity.com/course/machine-learning-for-trading--ud501,free,course,intermediate,"Pandas, Time Series Analysis, Computational Investing, Algorithmic Trading, Reinforcement Learning for Trading",Implement machine learning based strategies to make trading decisions using real-world data.Learn More
Machine Learning,School of Artificial Intelligence,https://www.udacity.com/course/machine-learning--ud262,free,course,intermediate,"Supervised Learning, Unsupervised Learning, Information Theory, Reinforcement Learning, Game Theory","In this course, you'll learn how to apply Supervised, Unsupervised and Reinforcement Learning techniques for solving a range of data science problems.Learn More"
Intro to Hadoop and MapReduce,School of Artificial Intelligence,https://www.udacity.com/course/intro-to-hadoop-and-mapreduce--ud617,free,course,intermediate,"Big Data, Hadoop, MapReduce","In this short course, learn the fundamentals of MapReduce and Apache Hadoop to start making sense of Big Data in the real world!Learn More"
Real-Time Analytics with Apache Storm,School of Artificial Intelligence,https://www.udacity.com/course/real-time-analytics-with-apache-storm--ud381,free,course,intermediate,"Data Analysis, Real-time Analytics, Apache Storm","The world is trending in real time! Learn Apache Storm, taught by Twitter, to scalably analyze real-time tweets and drive d3 visualizations. Storm is free, open and fun!Learn More"
A/B Testing,School of Artificial Intelligence,https://www.udacity.com/course/ab-testing--ud257,free,course,"",Google,Learn More
Data Analysis with R,School of Artificial Intelligence,https://www.udacity.com/course/data-analysis-with-r--ud651,free,course,intermediate,"R, Exploratory Data Analysis, Data Visualization",Data is everywhere and so much of it is unexplored. Learn how to investigate and summarize data sets using R and eventually create your own analysis.Learn More
Knowledge-Based AI: Cognitive Systems,School of Artificial Intelligence,https://www.udacity.com/course/knowledge-based-ai-cognitive-systems--ud409,free,course,advanced,"Semantic Networks, Common-Sense Reasoning, Logic & Planning, Analogical Reasoning, Visuospatial Reasoning",The twin goals of knowledge-based artificial intelligence (AI) are to build AI agents capable of human-level intelligence and gain insights into human cognition.Learn More
Introduction to TensorFlow Lite,School of Artificial Intelligence,https://www.udacity.com/course/intro-to-tensorflow-lite--ud190,free,course,intermediate,"TensorFlow Lite, Deep Learning Models, Android, iOS, Linux",Learn how to deploy deep learning models on mobile and embedded devices with TensorFlow Lite.Learn More
Introduction to Computer Vision,School of Artificial Intelligence,https://www.udacity.com/course/introduction-to-computer-vision--ud810,free,course,intermediate,"Image Processing, Stereo Geometry, Feature Detection & Matching, Object Tracking, Classification & Recognition","This course provides an introduction to computer vision including fundamentals, methods for application and machine learning classification.Learn More"
Intro to TensorFlow for Deep Learning,School of Artificial Intelligence,https://www.udacity.com/course/intro-to-tensorflow-for-deep-learning--ud187,free,course,intermediate,TensorFlow,"Developed by Google and Udacity, this course teaches a practical approach to deep learning for software developers.Learn More"
Eigenvectors and Eigenvalues,School of Artificial Intelligence,https://www.udacity.com/course/eigenvectors-and-eigenvalues--ud104,free,course,beginner,"Linear Algebra, Eigenvectors, Eigenvalues",Learn how to calculate eigenvalues and eigenvectors and why they are important for AI applications.Learn More
Intro to Artificial Intelligence,School of Artificial Intelligence,https://www.udacity.com/course/intro-to-artificial-intelligence--cs271,free,course,intermediate,"Artificial Intelligence, Machine Learning, Probability, Logic and Planning, Markov models","This course will introduce you to the basics of AI. Topics include machine learning, probabilistic reasoning, robotics, computer vision, and natural language processing.Learn More"
Artificial Intelligence for Robotics,School of Artificial Intelligence,https://www.udacity.com/course/artificial-intelligence-for-robotics--cs373,free,course,advanced,"Probabilistic Models, Kalman Filters, Motion Planning, Robot Control, Simultaneous Localization & Mapping","Learn how to program all the major systems of a robotic car. Topics include planning, search, localization, tracking, and control.Learn More"
Intro to Deep Learning with PyTorch,School of Artificial Intelligence,https://www.udacity.com/course/deep-learning-pytorch--ud188,free,course,intermediate,"Deep Learning, PyTorch, Neural Networks, CNNs, LSTMs, Style Transfer",Learn the basics of deep learning and implement your own deep neural networks with PyTorchLearn More
AWS DeepRacer,School of Artificial Intelligence,https://www.udacity.com/course/aws-deepracer--ud014,free,course,intermediate,"Machine Learning, Reinforcement Learning, AWS DeepRacer",Learn the fundamentals of machine learning and reinforcement learning in a fun and engaging way through autonomous driving with AWS DeepRacer.Learn More
Reinforcement Learning,School of Artificial Intelligence,https://www.udacity.com/course/reinforcement-learning--ud600,free,course,"",Georgia Institute of Technology,Learn More
Introduction to Machine Learning Course,School of Artificial Intelligence,https://www.udacity.com/course/intro-to-machine-learning--ud120,free,course,intermediate,"Machine Learning, Supervised Learning, Unsupervised Learning, Evaluation Metrics, Data Manipulation","This class will teach you the end-to-end process of investigating data through a machine learning lens. Learn online, with Udacity.Learn More"
Craft Your Cover Letter,Career Advancement,https://www.udacity.com/course/craft-your-cover-letter--ud244,free,course,beginner,"Creating a narrative, Targeting your pitch, Communicating value, Career Advancement",Write a compelling narrative that showcases your value to the company.Learn More
Refresh Your Resume,Career Advancement,https://www.udacity.com/course/refresh-your-resume--ud243,free,course,beginner,"Resume writing, Company targeting, Storytelling, Career Advancement",Create a targeted resume that gets the attention of recruiters and lands you an interview in tech.Learn More
Strengthen Your LinkedIn Network & Brand,Career Advancement,https://www.udacity.com/course/strengthen-your-linkedin-network-and-brand--ud242,free,course,beginner,"Personal branding, LinkedIn, Networking, Career Advancement",Learn how to excel at networking both in-person and on LinkedIn.Learn More
Data Science Interview Prep,Career Advancement,https://www.udacity.com/course/data-science-interview-prep--ud944,free,course,intermediate,"Interview practice, Common Data Questions, Data Structures, Career Advancement","Prepare for data science interviews by practicing data analysis, machine learning, and data structure and algorithms questions.Learn More"
Android Interview Prep,Career Advancement,https://www.udacity.com/course/android-interview-prep--ud241,free,course,intermediate,"Interview practice, Common Android Questions, Whiteboarding",Learn how to respond to common Android and mobile development interview questions.Learn More
Machine Learning Interview Preparation,Career Advancement,https://www.udacity.com/course/machine-learning-interview-prep--ud1001,free,course,intermediate,"Interview practice, Machine Learning, Career Advancement","In this course, you’ll learn exactly what to expect during a machine learning interview.Learn More"
Front-End Interview Prep,Career Advancement,https://www.udacity.com/course/front-end-interview-prep--ud250,free,course,intermediate,"Interview questions, Common FE Questions, Whiteboarding, Career Advancement",Answer front-end technical and behavioral interview questions with confidence and poise.Learn More
Full-Stack Interview Prep,Career Advancement,https://www.udacity.com/course/full-stack-interview-prep--ud252,free,course,intermediate,"Interview practice, Common FS Questions, Whiteboarding, Career Advancement",Answer common full stack and web security interview questions with confidence and poise.Learn More
Data Structures & Algorithms in Swift,Career Advancement,https://www.udacity.com/course/data-structures-and-algorithms-in-swift--ud1011,free,course,intermediate,"Interview practice, Swift, Data structures, Career Advancement",Review and practice the skills technical interviewers expect you to know and learn how to explain your Swift solutions.Learn More
iOS Interview Prep,Career Advancement,https://www.udacity.com/course/ios-interview-prep--ud240,free,course,intermediate,"Interview practice, Common iOS Questions, Whiteboarding, Career Advancement",Answer iOS and mobile development interview questions with confidence and poise.Learn More
VR Interview Prep,Career Advancement,https://www.udacity.com/course/vr-interview-prep--ud251,free,course,intermediate,"Interview practice, Common VR Questions, Whiteboarding, Career Advancement",Learn how to tackle interview questions for technical roles in VR Development.Learn More
Product Manager Interview Preparation,Career Advancement,https://www.udacity.com/course/product-manager-interview-preparation--ud034,free,course,beginner,"Product Management, Interview Preparation, Career Advancement, Product Strategy, Technical Interview","Ace your product management interview by understanding how to answer key strategic, technical, and practical product questions.Learn More"
