free_course,school,difficulty,skills,description,full_url,nd_url,nd_name
Artificial Intelligence,School of Artificial Intelligence,advanced,"AI Algorithms, Search Algorithms, Optimization, Planning, Pattern Recognition","Learn essential Artificial Intelligence concepts from AI experts like Peter Norvig and Sebastian Thrun, including search, optimization, planning, pattern recognition, and more.Learn More",https://www.udacity.com/course/artificial-intelligence--ud954,https://www.udacity.com/course/ai-artificial-intelligence-nanodegree--nd898,Artificial Intelligence
Microsoft Power Platform,School of Programming & Development,beginner,"Microsoft Power Platform, Power Apps, Power Automate, Azure AI Builder","Learn to build powerful and effective solutions with ease with Microsoft Power Platform. Created in partnership with the Microsoft Power Platform team, this course will introduce you to efficient low-code solutions for data analytics, app development, and artifical intelligence.Learn More",https://www.udacity.com/course/microsoft-power-platform--ud091,https://www.udacity.com/course/intro-to-programming-nanodegree--nd000,Introduction to Programming
Web Tooling & Automation,School of Programming & Development,intermediate,"Installing Sublime Text, Installing Plugins, Gulp, Live Editing, ESLint","In this course, you’ll learn how to setup your development environment and save a lot of time and effort with automatic optimization.Learn More",https://www.udacity.com/course/web-tooling-automation--ud892,https://www.udacity.com/course/intro-to-programming-nanodegree--nd000,Introduction to Programming
Front End Frameworks,School of Programming & Development,advanced,"Single Page Applications, Building Angular apps, Building Ember apps, Underscore's template function, Backbone events and routing","Explore and build interactive, single-page applications with popular JavaScript frameworks!Learn More",https://www.udacity.com/course/front-end-frameworks--ud894,https://www.udacity.com/course/intro-to-programming-nanodegree--nd000,Introduction to Programming
Responsive Web Design Fundamentals,School of Programming & Development,intermediate,"Responsive design patterns, Remote debugging and emulation, Optimizing layout, CSS media queries, CSS flexbox",Learn and practice strategies for developing websites that look great on every device! Made with Google's Pete LePage.Learn More,https://www.udacity.com/course/responsive-web-design-fundamentals--ud893,https://www.udacity.com/course/intro-to-programming-nanodegree--nd000,Introduction to Programming
Linux Command Line Basics,School of Programming & Development,beginner,"Command line interface (Linux server), Terminal and Shell (GNU Bash), Linux filesystem, Shell commands",An introduction to the Linux command line interface.Learn More,https://www.udacity.com/course/linux-command-line-basics--ud595,https://www.udacity.com/course/intro-to-programming-nanodegree--nd000,Introduction to Programming
How to Install Android Studio,School of Programming & Development,beginner,"Android, Android Studio, Java",Participate in this short tutorial to install Android Studio on your computer and set up a new project using the program's Project Wizard.Learn More,https://www.udacity.com/course/how-to-install-android-studio--ud808,https://www.udacity.com/course/android-kotlin-developer-nanodegree--nd940,Android Kotlin Developer
Android Basics: Multiscreen Apps,School of Programming & Development,beginner,"Android Development, Intents and Activities, Data, Loops and Custom Classes, Images and Visual Polish, Audio and Libraries","Learn to build multiple screens and link them together, expanding the range of apps you can create! You'll also learn how to play audio and add images to your apps.Learn More",https://www.udacity.com/course/android-basics-multiscreen-apps--ud839,https://www.udacity.com/course/android-basics-nanodegree-by-google--nd803,Android Basics
Website Performance Optimization,School of Programming & Development,intermediate,"Chrome Developer Tools, DOM and CSSOM, Critical Rendering Path HTML, CSS and JavaScript optimizations","Learn how browsers convert HTML, CSS and JavaScript into websites while you experiment with Chrome Developer Tools to measure and optimize website speed!Learn More",https://www.udacity.com/course/website-performance-optimization--ud884,https://www.udacity.com/course/intro-to-programming-nanodegree--nd000,Introduction to Programming
iOS Networking with Swift,School of Programming & Development,advanced,"Networking, URLSession, JSON Parsing",Learn how to incorporate networking into your apps to access data from around the world. Build the On the Map app to share location and fun links with fellow students.Learn More,https://www.udacity.com/course/ios-networking-with-swift--ud421,https://www.udacity.com/course/intro-to-programming-nanodegree--nd000,Introduction to Programming
JavaScript Design Patterns,School of Programming & Development,advanced,"Separating concerns, Code organization, Using an Organizational Library, KnockoutJS",Learn the importance of code organization and how to implement it with either vanilla JavaScript or an organizational library or framework.Learn More,https://www.udacity.com/course/javascript-design-patterns--ud989,https://www.udacity.com/course/intro-to-programming-nanodegree--nd000,Introduction to Programming
Android Basics: User Input,School of Programming & Development,beginner,"Android Development, Java, Object Oriented Programming, Conditional Code, Methods, Variables",Learn how to make your apps interactive using buttons and text! In this course you'll learn the basics of the Java programming language and how to apply them to Android.Learn More,https://www.udacity.com/course/android-basics-user-input--ud836,https://www.udacity.com/course/android-basics-nanodegree-by-google--nd803,Android Basics
Android Performance,School of Programming & Development,advanced,"Android Development, Performance, Optimization","Performance matters to users, so it must matter to you. Learn how to identify and fix bottlenecks in your Android applications, and ensure a smooth user experience.Learn More",https://www.udacity.com/course/android-performance--ud825,https://www.udacity.com/course/android-kotlin-developer-nanodegree--nd940,Android Kotlin Developer
Responsive Images,School of Programming & Development,intermediate,"Responsive Images, Mobile Image debugging, Creating responsive graphics",Go beyond image tags! Learn how to make images a part of your responsive design workflow.Learn More,https://www.udacity.com/course/responsive-images--ud882,https://www.udacity.com/course/intro-to-programming-nanodegree--nd000,Introduction to Programming
Xcode Debugging,School of Programming & Development,advanced,"Debugging, LLDB","In this course, you'll learn standard methodologies for debugging software, and how to use Xcode's debugging tools to find and squash bugs.Learn More",https://www.udacity.com/course/xcode-debugging--ud774,https://www.udacity.com/course/intro-to-programming-nanodegree--nd000,Introduction to Programming
Gradle for Android and Java,School of Programming & Development,advanced,"Android Development, Gradle, Java",Build bigger and better Android and Java apps using the Gradle build tool.Learn More,https://www.udacity.com/course/gradle-for-android-and-java--ud867,https://www.udacity.com/course/android-kotlin-developer-nanodegree--nd940,Android Kotlin Developer
Build Native Mobile Apps with Flutter,School of Programming & Development,intermediate,Android Development,Learn from experts at Google how to use Flutter to craft high-quality native interfaces on iOS and Android devices in record time.Learn More,https://www.udacity.com/course/build-native-mobile-apps-with-flutter--ud905,https://www.udacity.com/course/android-kotlin-developer-nanodegree--nd940,Android Kotlin Developer
JavaScript Promises,School of Programming & Development,advanced,"Native JavaScript Promises, Asynchronous code, Advanced error handling, Generating sequences of async work",Learn how to simplify asynchronous work with Native JavaScript Promises!Learn More,https://www.udacity.com/course/javascript-promises--ud898,https://www.udacity.com/course/intro-to-programming-nanodegree--nd000,Introduction to Programming
UIKit Fundamentals,School of Programming & Development,intermediate,"AutoLayout, Navigation, Table Views, Collection Views","Learn the iOS UIKit framework, which is the cornerstone of creating user interfaces in all iOS apps and crucial for any iOS Developer to be intimately familiar with.Learn More",https://www.udacity.com/course/uikit-fundamentals--ud788,https://www.udacity.com/course/intro-to-programming-nanodegree--nd000,Introduction to Programming
Android Basics: User Interface,School of Programming & Development,beginner,"Android Development, Building Layouts, Android Studio, Views and ViewGroups, Styling",Learn how to design your first layout in Android! This is the first course in the Android Basics Nanodegree program.Learn More,https://www.udacity.com/course/android-basics-user-interface--ud834,https://www.udacity.com/course/android-basics-nanodegree-by-google--nd803,Android Basics
Client-Server Communication,School of Programming & Development,advanced,"HTTP request and response cycle, HTTP headers and verbs, HTTP/1 and HTTP/2 capabilities, HTTPS, Client-Server Communication","Learn how a client communicates with a server, including HTTP's request and response cycle, HTTP/2 and HTTPs.Learn More",https://www.udacity.com/course/client-server-communication--ud897,https://www.udacity.com/course/intro-to-programming-nanodegree--nd000,Introduction to Programming
What is Programming?,School of Programming & Development,beginner,"",This course is your first step towards a career in programming.Learn More,https://www.udacity.com/course/what-is-programming--ud994,https://www.udacity.com/course/intro-to-programming-nanodegree--nd000,Introduction to Programming
Building High Conversion Web Forms,School of Programming & Development,intermediate,"Research HTML5 input types, Datalist input, User input validation with HTML5 attributes, Validate user input using JavaScript, Optimizing forms","Increase conversions with best practices for fast, efficient forms! Learn how to design and build web forms for users on any device.Learn More",https://www.udacity.com/course/building-high-conversion-web-forms--ud890,https://www.udacity.com/course/front-end-web-developer-nanodegree--nd0011,Front End Web Developer
Advanced Android App Development,School of Programming & Development,advanced,"Android Development, Fragments, Libraries, Firebase, Espresso","Make your app production-ready by applying advanced features like library integration, material design, widgets, receiving cloud messages, and more!Learn More",https://www.udacity.com/course/advanced-android-app-development--ud855,https://www.udacity.com/course/android-kotlin-developer-nanodegree--nd940,Android Kotlin Developer
Software Architecture & Design,School of Programming & Development,intermediate,"Unified Modeling Language, Object Constraint Language, Software Architecture, Software Design, Code Review",Software Architecture and Design teaches the principles and concepts involved in the analysis and design of large software systems.Learn More,https://www.udacity.com/course/software-architecture-design--ud821,https://www.udacity.com/course/android-kotlin-developer-nanodegree--nd940,Android Kotlin Developer
Intro to Information Security,School of Programming & Development,intermediate,"Software Security, Cryptography, Network Security, Privacy, Public Policy",Learn More,https://www.udacity.com/course/intro-to-information-security--ud459,https://www.udacity.com/course/ai-artificial-intelligence-nanodegree--nd898,Artificial Intelligence
Authentication & Authorization: OAuth,School of Programming & Development,intermediate,"Flask, OAuth 2.0, Authentication & Authorization, Python",Learn to implement the OAuth 2.0 framework to allow users to securely and easily login to your web applications.Learn More,https://www.udacity.com/course/authentication-authorization-oauth--ud330,https://www.udacity.com/course/intro-to-programming-nanodegree--nd000,Introduction to Programming
Intro to iOS App Development with Swift,School of Programming & Development,intermediate,"Swift, UIKit, AVFoundation",Take the first step in becoming an iOS Developer by learning about Swift and writing your first app.Learn More,https://www.udacity.com/course/intro-to-ios-app-development-with-swift--ud585,https://www.udacity.com/course/intro-to-programming-nanodegree--nd000,Introduction to Programming
Introduction to Operating Systems,School of Programming & Development,intermediate,"Processes & Threads, Memory Management, Inter-Process Communication, Resource Virtualization, Distributed File Systems","Introduction to Operating Systems teaches the basic operating system abstractions, mechanisms, and their implementations.Learn More",https://www.udacity.com/course/introduction-to-operating-systems--ud923,https://www.udacity.com/course/flying-car-nanodegree--nd787,Flying Car and Autonomous Flight Engineer
Android Basics: Networking,School of Programming & Development,beginner,"Android Development, JSON Parsing, HTTP Networking, Threads and Parallelism, Control Flow and Conditionals, Preferences","This class teaches the basics of networking using Android, and is a part of the Android Basics Nanodegree by Google.Learn More",https://www.udacity.com/course/android-basics-networking--ud843,https://www.udacity.com/course/android-basics-nanodegree-by-google--nd803,Android Basics
Web Accessibility,School of Programming & Development,advanced,"Accessibility, Screen Readers, Focus, Semantics, ARIA","Get hands-on experience making web applications accessible. You’ll understand when and why users need accessibility, then you’ll dive into how to implement.Learn More",https://www.udacity.com/course/web-accessibility--ud891,https://www.udacity.com/course/front-end-web-developer-nanodegree--nd0011,Front End Web Developer
Android Basics: Data Storage,School of Programming & Development,beginner,"Android Development, SQLite, ContentProvider, CursorAdapter & CursorLoader, Database, Design","In this course, you'll learn the basics of data storage in Android, building your first database and an app that could be used for any small business!Learn More",https://www.udacity.com/course/android-basics-data-storage--ud845,https://www.udacity.com/course/android-basics-nanodegree-by-google--nd803,Android Basics
Scalable Microservices with Kubernetes,School of Programming & Development,intermediate,"Microservices, Docker, Kubernetes, Deploying Microservices","This course is designed to teach you about managing microservices, using Kubernetes. This course is built in partnership with experts such as Google’s Kelsey Hightower.Learn More",https://www.udacity.com/course/scalable-microservices-with-kubernetes--ud615,https://www.udacity.com/course/machine-learning-engineer-nanodegree--nd009t,Machine Learning Engineer
Developing Android Apps with Kotlin,School of Programming & Development,intermediate,Android Development,Learn the fundamentals of the Kotlin programming language from Kotlin experts at Google.Learn More,https://www.udacity.com/course/developing-android-apps-with-kotlin--ud9012,https://www.udacity.com/course/android-kotlin-developer-nanodegree--nd940,Android Kotlin Developer
Browser Rendering Optimization,School of Programming & Development,advanced,"Browser Rendering Response, Animation, Idle and Load (RAIL), Optimizing JavaScript, How to debug an app",This course will demystify the browser's rendering pipeline and make it easy for you to build high performance web apps.Learn More,https://www.udacity.com/course/browser-rendering-optimization--ud860,https://www.udacity.com/course/intro-to-programming-nanodegree--nd000,Introduction to Programming
Learn Swift Programming Syntax,School of Programming & Development,intermediate,"Variables and Constants, Control Flow, Functions, Optionals, OOP","This course focuses on the syntax of the Swift programming language. By the end of the course, you'll be able to apply Swift essentials to building iOS apps.Learn More",https://www.udacity.com/course/learn-swift-programming-syntax--ud902,https://www.udacity.com/course/intro-to-programming-nanodegree--nd000,Introduction to Programming
Offline Web Applications,School of Programming & Development,intermediate,"Developing offline-first applications, Understanding Lie-Fi, Service Worker DevTools, IndexedDB, IndexedDB asset caching",Learn how to develop offline-first web application using Service Workers and IndexedDB.Learn More,https://www.udacity.com/course/offline-web-applications--ud899,https://www.udacity.com/course/intro-to-programming-nanodegree--nd000,Introduction to Programming
Kotlin for Android Developers,School of Programming & Development,advanced,"Kotlin, Android","Take an Android app in Java and convert it to Kotlin, learning key features of the Kotlin programming language along the way.Learn More",https://www.udacity.com/course/kotlin-for-android-developers--ud888,https://www.udacity.com/course/android-kotlin-developer-nanodegree--nd940,Android Kotlin Developer
UX Design for Mobile Developers,School of Programming & Development,beginner,"Android, UX Design, User-Centered Design",This is a design course made for developers. You'll learn UX design skills which will help you make 5-star mobile apps that your users will love.Learn More,https://www.udacity.com/course/ux-design-for-mobile-developers--ud849,https://www.udacity.com/course/android-kotlin-developer-nanodegree--nd940,Android Kotlin Developer
Software Development Process,School of Programming & Development,intermediate,"Software Development Life Cycle, Requirements Engineering, Design Patterns, Black-Box & White-Box Testing, Agile Development Methodology","Software Development Processes explores requirements engineering, architecture and design, testing, and software quality in general.Learn More",https://www.udacity.com/course/software-development-process--ud805,https://www.udacity.com/course/full-stack-web-developer-nanodegree--nd0044,Full Stack Web Developer
Data Visualization in Tableau,School of Programming & Development,beginner,"Tableau, Design of Visualizations, Visual Encodings",Learn the fundamentals of data visualization and practice communicating with data.Learn More,https://www.udacity.com/course/data-visualization-in-tableau--ud1006,https://www.udacity.com/course/intro-to-programming-nanodegree--nd000,Introduction to Programming
Intro to Progressive Web Apps,School of Programming & Development,intermediate,"Progressive Web Apps, Service Workers, Web App Manifest, Offline apps",In this course you’ll get started working on your very first Progressive Web App (PWA) - a web app that can take advantage of many features native applications have enjoyed!Learn More,https://www.udacity.com/course/intro-to-progressive-web-apps--ud811,https://www.udacity.com/course/full-stack-web-developer-nanodegree--nd0044,Full Stack Web Developer
Writing READMEs,School of Programming & Development,beginner,"README, Markdown, Making code easier to read",Documentation is an important part of the development process. Learn to write READMEs using Markdown so your code can be used by other humans!Learn More,https://www.udacity.com/course/writing-readmes--ud777,https://www.udacity.com/course/front-end-web-developer-nanodegree--nd0011,Front End Web Developer
Software Analysis & Testing,School of Programming & Development,intermediate,"Software Testing, Debugging, Dataflow Analysis, Constraint-based Analysis, Symbolic Execution","This course covers the theory and practice of software analysis, which is at the heart of software development processes such as diagnosing bugs, testing, and debugging.Learn More",https://www.udacity.com/course/software-analysis-testing--ud333,https://www.udacity.com/course/data-analyst-nanodegree--nd002,Data Analyst
iOS Persistence and Core Data,School of Programming & Development,advanced,"Data Persistence, Core Data, UserDefaults, FileManager","Persisting data is a core skill for any iOS developer. Learn how to store app data to your device using three common techniques: NSUserDefaults, Sandbox, and Core Data.Learn More",https://www.udacity.com/course/ios-persistence-and-core-data--ud325,https://www.udacity.com/course/intro-to-programming-nanodegree--nd000,Introduction to Programming
Computer Networking,School of Programming & Development,intermediate,"Software-Defined Networking, Data Center Networking, Content Distribution, Congestion Control, Traffic Shaping",This is an advanced Computer Networking course that delves into the latest concepts and tools used by the CN industry.Learn More,https://www.udacity.com/course/computer-networking--ud436,https://www.udacity.com/course/flying-car-nanodegree--nd787,Flying Car and Autonomous Flight Engineer
Firebase Analytics: iOS,School of Programming & Development,intermediate,"Android Development, Firebase Analytics, Firebase Crash Reporting, Firebase Remote Config, Firebase Dynamic Links","Learn how to grow an app's user base using Firebase Analytics, a free and unlimited analytics solutionLearn More",https://www.udacity.com/course/firebase-analytics-ios--ud353,https://www.udacity.com/course/intro-to-programming-nanodegree--nd000,Introduction to Programming
Human-Computer Interaction,School of Programming & Development,intermediate,"Design Principles, Direct Manipulation Interfaces, Mental Models, Distributed Cognition, Prototyping","This course is an introductory course on human-computer interaction, covering the principles, techniques, and open areas of development in HCI.Learn More",https://www.udacity.com/course/human-computer-interaction--ud400,https://www.udacity.com/course/data-analyst-nanodegree--nd002,Data Analyst
2D Game Development with libGDX,School of Programming & Development,intermediate,"LibGDX, Game Development, 2D","This course explores how to use LibGDX to build 2D games that run anywhere, from web browsers to mobile devices. At the end you will create a full game, called Icicles.Learn More",https://www.udacity.com/course/2d-game-development-with-libgdx--ud405,https://www.udacity.com/course/android-kotlin-developer-nanodegree--nd940,Android Kotlin Developer
Intro to jQuery,School of Programming & Development,intermediate,"jQuery, DOM Structure, Reading jQuery documentation, Modify HTML attributes and content",Learn how to access and modify the DOM with ease using jQuery!Learn More,https://www.udacity.com/course/intro-to-jquery--ud245,https://www.udacity.com/course/intro-to-programming-nanodegree--nd000,Introduction to Programming
Cyber-Physical Systems Security,School of Programming & Development,intermediate,"Industrial Networks, Industrial Control Systems, Smart Grid Infrastructure, Cyber Security, Privacy",This course provides an introduction to security issues relating to cyber-physical systems including industrial control systems and critical infrastructures.Learn More,https://www.udacity.com/course/cyber-physical-systems-security--ud279,https://www.udacity.com/course/flying-car-nanodegree--nd787,Flying Car and Autonomous Flight Engineer
Introduction to Graduate Algorithms,School of Programming & Development,advanced,Georgia Institute of Technology,Learn advanced techniques for designing algorithms and apply them to hard computational problems.Learn More,https://www.udacity.com/course/introduction-to-graduate-algorithms--ud401,https://www.udacity.com/course/ios-developer-nanodegree--nd003,iOS Developer
Dynamic Web Applications with Sinatra,School of Programming & Development,intermediate,"Ruby, Sinatra, Building web applications","Sinatra is a micro-framework for quickly developing small Ruby applications for the web. In this course, you'll learn all about Sinatra, routing, and templating.Learn More",https://www.udacity.com/course/dynamic-web-applications-with-sinatra--ud268,https://www.udacity.com/course/intro-to-programming-nanodegree--nd000,Introduction to Programming
How to Make a Platformer Using libGDX,School of Programming & Development,intermediate,"LibGDX, Game Development, Asset management","This course will explore how to create a game called Giga Gal. Giga Gal is a platformer in which you run, collect energy packs, jump a bunch, and shoot enemies.Learn More",https://www.udacity.com/course/how-to-make-a-platformer-using-libgdx--ud406,https://www.udacity.com/course/android-kotlin-developer-nanodegree--nd940,Android Kotlin Developer
JavaScript Testing,School of Programming & Development,intermediate,"Javascript Apps, Jasmine testing framework, red-green-refactor workflow",Learn how to iterate on your web applications with confidence using the red-green-refactor workflow cycle and automated testing frameworks.Learn More,https://www.udacity.com/course/javascript-testing--ud549,https://www.udacity.com/course/intro-to-programming-nanodegree--nd000,Introduction to Programming
Object-Oriented JavaScript,School of Programming & Development,intermediate,"Object Oriented Javascript, Object-oriented programming, Data and functionality, Prototypal inheritance",Learn More,https://www.udacity.com/course/object-oriented-javascript--ud711,https://www.udacity.com/course/front-end-web-developer-nanodegree--nd0011,Front End Web Developer
Localization Essentials,School of Programming & Development,beginner,"Localization, Google Translator Toolkit, Localization at Google","Localization is about making a product feel tailored to users around the world. Specifically, it is the process of adapting a product to a language, culture and market.Learn More",https://www.udacity.com/course/localization-essentials--ud610,https://www.udacity.com/course/intro-to-programming-nanodegree--nd000,Introduction to Programming
Compilers: Theory and Practice,School of Programming & Development,intermediate,"Compilers, Semantic Analysis, Syntax Directed Translation, Control Flow Analysis",This course teaches the theory and practice behind building compilers for higher level programming languages.Learn More,https://www.udacity.com/course/compilers-theory-and-practice--ud168,https://www.udacity.com/course/flying-car-nanodegree--nd787,Flying Car and Autonomous Flight Engineer
HTML5 Canvas,School of Programming & Development,beginner,"HTML5 Canvas, Canvas2D, Creating animation",Learn how you can use HTML5 Canvas to create and modify images or even interactive animations.Learn More,https://www.udacity.com/course/html5-canvas--ud292,https://www.udacity.com/course/intro-to-programming-nanodegree--nd000,Introduction to Programming
Object Oriented Programming in Java,School of Programming & Development,intermediate,"Object Oriented Programming, Java, User Interaction",Learn how to apply powerful object-oriented programming concepts in JavaLearn More,https://www.udacity.com/course/object-oriented-programming-in-java--ud283,https://www.udacity.com/course/android-kotlin-developer-nanodegree--nd940,Android Kotlin Developer
Designing RESTful APIs,School of Programming & Development,intermediate,"Flask, REST APIs, Python",Build and secure a web server with a RESTful Developer-Friendly API that developers will love to use.Learn More,https://www.udacity.com/course/designing-restful-apis--ud388,https://www.udacity.com/course/intro-to-programming-nanodegree--nd000,Introduction to Programming
GT - Refresher - Advanced OS,School of Programming & Development,intermediate,"Operating Systems, Virtual Memory, File Systems, Multithreaded Programming, Networking","This course covers the essential Operating Systems concepts students need in preparation for the rest of the GT """"Advanced Operating Systems"""" sequence.Learn More",https://www.udacity.com/course/gt-refresher-advanced-os--ud098,https://www.udacity.com/course/c-plus-plus-nanodegree--nd213,C++
Intro to JavaScript,School of Programming & Development,beginner,"JavaScript, Conditionals, Loops, Data Types & Variables","Learn the fundamentals of JavaScript, the most popular programming language in web development.Learn More",https://www.udacity.com/course/intro-to-javascript--ud803,https://www.udacity.com/course/full-stack-web-developer-nanodegree--nd0044,Full Stack Web Developer
Grand Central Dispatch (GCD),School of Programming & Development,intermediate,"Closures, GCD",Learn how to prevent background operations from interfering with an app's UI by implementing Apple's GCD framework.Learn More,https://www.udacity.com/course/grand-central-dispatch-gcd--ud576,https://www.udacity.com/course/intro-to-programming-nanodegree--nd000,Introduction to Programming
Swift for Beginners,School of Programming & Development,beginner,"Variables and Constants, Strings, Control Flow, Functions","Learn Swift, Apple's programming language for building iOS applications. Start with the basics and work your way towards completing sets of challenges in Swift.Learn More",https://www.udacity.com/course/swift-for-beginners--ud1022,https://www.udacity.com/course/intro-to-programming-nanodegree--nd000,Introduction to Programming
Intro to Statistics,School of Programming & Development,beginner,"Probability, Descriptive Statistics, Inferential Statistics","Get ready to analyze, visualize, and interpret data! Thought-provoking examples and chances to combine statistics and programming will keep you engaged and challenged.Learn More",https://www.udacity.com/course/intro-to-statistics--st101,https://www.udacity.com/course/intro-to-programming-nanodegree--nd000,Introduction to Programming
Intro to HTML and CSS,School of Programming & Development,beginner,"HTML, CSS, CSS Syntax, HTML Syntax Problem Set","In this course, you'll learn the fundamentals web development, along with best practices and professional problem-solving techniques using Developer Tools.Learn More",https://www.udacity.com/course/intro-to-html-and-css--ud001,https://www.udacity.com/course/front-end-web-developer-nanodegree--nd0011,Front End Web Developer
Developing Android Apps,School of Programming & Development,intermediate,"Android Development, Layouts, Intents, UI","Build a cloud-connected Android app, and learn the tools, principles, and best practices of mobile and Android development that you'll apply to your own projects.Learn More",https://www.udacity.com/course/new-android-fundamentals--ud851,https://www.udacity.com/course/android-basics-nanodegree-by-google--nd803,Android Basics
Introduction to Python Programming,School of Programming & Development,beginner,"","In this course, you'll learn the fundamentals of the Python programming language, along with programming best practices. You’ll learn to represent and store data using Python data types and variables, and use conditionals and loops to control the flow of your programs. You’ll harness the power of complex data structures like lists, sets, dictionaries, and tuples to store collections of related data. You’ll define and document your own custom functions, write scripts, and handle errors. Lastly, you’ll learn to find and use modules in the Python Standard Library and other third-party libraries.Learn More",https://www.udacity.com/course/introduction-to-python--ud1110,https://www.udacity.com/course/intro-to-programming-nanodegree--nd000,Introduction to Programming
Introduction to Virtual Reality,School of Programming & Development,beginner,"VR development, Unity, Google VR SDK for Unity, General understanding of how VR works, Deploying to Android and iOS","If you are interested in learning more about virtual reality, this course will teach you the principles of VR technology and help you understand what you can build in VR.Learn More",https://www.udacity.com/course/introduction-to-virtual-reality--ud1012,https://www.udacity.com/course/intro-to-programming-nanodegree--nd000,Introduction to Programming
Objective-C for Swift Developers,School of Programming & Development,intermediate,"iOS, Swift, Objective-C, Control Flow Syntax","Learn the distinguishing language features of Objective-C. Practice Objective-C syntax by writing classes, and writing and calling methods.Learn More",https://www.udacity.com/course/objective-c-for-swift-developers--ud1009,https://www.udacity.com/course/intro-to-programming-nanodegree--nd000,Introduction to Programming
Software Testing,School of Programming & Development,intermediate,"Software Testing, Debugging, Code Coverage",Learn how to catch bugs and break software as you discover different testing methods that will help you build better software.Learn More,https://www.udacity.com/course/software-testing--cs258,https://www.udacity.com/course/intro-to-programming-nanodegree--nd000,Introduction to Programming
Interactive 3D Graphics,School of Programming & Development,intermediate,"Animated 3D Demo Program, Computer Image Generation, Programming Vertex and Pixel Shaders","This course will teach you the principles of 3D computer graphics: meshes, transforms, lighting, animation, and making interactive 3D applications run in a browser.Learn More",https://www.udacity.com/course/interactive-3d-graphics--cs291,https://www.udacity.com/course/intro-to-programming-nanodegree--nd000,Introduction to Programming
Full Stack Foundations,School of Programming & Development,intermediate,"Flask, CRUD, Model-View-Controller, Python, Object-relational Mapping",Learn the fundamentals of back-end web development by creating your own web application from the ground up using the iterative development process.Learn More,https://www.udacity.com/course/full-stack-foundations--ud088,https://www.udacity.com/course/intro-to-programming-nanodegree--nd000,Introduction to Programming
High Performance Computer Architecture,School of Programming & Development,advanced,"Processor Pipelining, Branch Prediction, Instruction Scheduling, Memory Ordering, Multiprocessor Architectures","The HPCA course covers performance measurement, pipelining, and improved parallelism through various means.Learn More",https://www.udacity.com/course/high-performance-computer-architecture--ud007,https://www.udacity.com/course/cloud-dev-ops-nanodegree--nd9991,Cloud DevOps Engineer
AutoLayout,School of Programming & Development,intermediate,"Design, UI, Stack Views, Constraints","With this course, you will learn about AutoLayout and how to use stack views and constraints to create pixel-perfect UIs.Learn More",https://www.udacity.com/course/auto-layout--ud1026,https://www.udacity.com/course/intro-to-programming-nanodegree--nd000,Introduction to Programming
Kotlin Bootcamp for Programmers,School of Programming & Development,intermediate,Android Development,Learn the fundamentals of the Kotlin programming language from Kotlin experts at Google.Learn More,https://www.udacity.com/course/kotlin-bootcamp-for-programmers--ud9011,https://www.udacity.com/course/android-kotlin-developer-nanodegree--nd940,Android Kotlin Developer
Shell Workshop,School of Programming & Development,"","",Learn More,https://www.udacity.com/course/shell-workshop--ud206,https://www.udacity.com/course/full-stack-web-developer-nanodegree--nd0044,Full Stack Web Developer
Core ML: Machine Learning for iOS,School of Programming & Development,intermediate,"iOS, Image Classification, Core ML",Learn how to use Apple's Core ML framework to build iOS apps with intelligent new features.Learn More,https://www.udacity.com/course/core-ml--ud1038,https://www.udacity.com/course/intro-to-programming-nanodegree--nd000,Introduction to Programming
Statistics,School of Programming & Development,beginner,"Statistical Research Methods, Data Visualization, Distributions, Hypothesis Testing, Regression",We live in a time of unprecedented access to information. You'll learn how to use statistics to interpret that information and make decisions.Learn More,https://www.udacity.com/course/statistics--st095,https://www.udacity.com/course/intro-to-programming-nanodegree--nd000,Introduction to Programming
Intro to Theoretical Computer Science,School of Programming & Development,intermediate,"theoretical computer science, NP-completeness, Recognizing algorithmic problems, Solving algorithmic problems",Learn the basic concepts in theoretical computer science. Discover what they imply for solving tough computational challenges.Learn More,https://www.udacity.com/course/intro-to-theoretical-computer-science--cs313,https://www.udacity.com/course/intro-to-programming-nanodegree--nd000,Introduction to Programming
Design of Computer Programs,School of Programming & Development,advanced,"Computer Program Design, Python, Design Process","Learn how to model problems, and how to optimize performance by using some of the advanced features of Python.Learn More",https://www.udacity.com/course/design-of-computer-programs--cs212,https://www.udacity.com/course/intro-to-programming-nanodegree--nd000,Introduction to Programming
Data Wrangling with MongoDB,School of Programming & Development,intermediate,"Gathering Data, Assessing Data, Cleaning Data, Data Wrangling, MongoDB","Data Scientists spend most of their time cleaning data. In this course, you will learn to convert and manipulate messy data to extract what you need.Learn More",https://www.udacity.com/course/data-wrangling-with-mongodb--ud032,https://www.udacity.com/course/intro-to-programming-nanodegree--nd000,Introduction to Programming
Swift for Developers,School of Programming & Development,beginner,"Variables and Constants, Strings, Control Flow, Functions",Get a quick practical introduction to Swift programming basics and build your first iOS app!Learn More,https://www.udacity.com/course/swift-for-developers--ud1025,https://www.udacity.com/course/ios-developer-nanodegree--nd003,iOS Developer
Firebase in a Weekend: Android,School of Programming & Development,intermediate,Android Development,This course will teach you when and why to choose Firebase as a backend for your Android application.Learn More,https://www.udacity.com/course/firebase-in-a-weekend-by-google-android--ud0352,https://www.udacity.com/course/android-kotlin-developer-nanodegree--nd940,Android Kotlin Developer
Software Debugging,School of Programming & Development,intermediate,"Debugging, Python, Automated Debugging",In this course you will learn how to debug programs systematically using scientific methods and build several automated debugging tools in Python.Learn More,https://www.udacity.com/course/software-debugging--cs259,https://www.udacity.com/course/intro-to-programming-nanodegree--nd000,Introduction to Programming
Deploying a Hadoop Cluster,School of Programming & Development,intermediate,"Data Analysis, Hadoop, MapReduce",Deploy your own Hadoop cluster to crunch some big data!Learn More,https://www.udacity.com/course/deploying-a-hadoop-cluster--ud1000,https://www.udacity.com/course/intro-to-programming-nanodegree--nd000,Introduction to Programming
Server-Side Swift,School of Programming & Development,intermediate,"Swift Package Manager, MySQL, Docker, Terraform, Microservices","In this course, built in collaboration with IBM and Hashicorp, you'll learn how to use Swift as a server-side language for building end-to-end applications.Learn More",https://www.udacity.com/course/server-side-swift--ud1031,https://www.udacity.com/course/intro-to-programming-nanodegree--nd000,Introduction to Programming
Programming Languages,School of Programming & Development,intermediate,"Introduciton to Programming Languages, Validate and Process Strings, HTML and JavaScript, Build your own web browser","This course is an introduction to the fundamentals of programming languages. Concepts include how to specify and process valid strings, sentences and program structures.Learn More",https://www.udacity.com/course/programming-languages--cs262,https://www.udacity.com/course/intro-to-programming-nanodegree--nd000,Introduction to Programming
Networking for Web Developers,School of Programming & Development,beginner,"HTTP, Domain Name System, Ping, TCP/IP stack, IP addressing",You've used the Internet. Now find out more about how it works.Learn More,https://www.udacity.com/course/networking-for-web-developers--ud256,https://www.udacity.com/course/intro-to-programming-nanodegree--nd000,Introduction to Programming
Database Systems Concepts & Design,School of Autonomous Systems,intermediate,"Database Management Systems, Relational Algebra, Sequential Query Language, Data Indexing, SQL Injection",This course presents an example of applying a database application development methodology to a major real-world project.Learn More,https://www.udacity.com/course/database-systems-concepts-design--ud150,https://www.udacity.com/course/flying-car-nanodegree--nd787,Flying Car and Autonomous Flight Engineer
Intro to Physics,School of Programming & Development,beginner,"Kinematics, Dynamics, Trigonometry, Periodic Motion, Electricity","Go to the places where big physics discoveries were made in the past and make them yourself. You’ll visit Italy, the Netherlands, and the UK as you learn basic physics.Learn More",https://www.udacity.com/course/intro-to-physics--ph100,https://www.udacity.com/course/intro-to-programming-nanodegree--nd000,Introduction to Programming
Intro to Relational Databases,School of Programming & Development,intermediate,"Rational databases, SQL, Python API, Python DB-API, Select and insert statements",Relational databases are a powerful tool used throughout the industry. Learn the basics of SQL and how to connect your Python code to a relational database.Learn More,https://www.udacity.com/course/intro-to-relational-databases--ud197,https://www.udacity.com/course/intro-to-programming-nanodegree--nd000,Introduction to Programming
ES6 - JavaScript Improved,School of Programming & Development,advanced,"JavaScript, ES6, Syntax, Functions",Learn about the changes made to the JavaScript programming language in ECMAScript 6 and how to use these new improvements to write better cleaner code.Learn More,https://www.udacity.com/course/es6-javascript-improved--ud356,https://www.udacity.com/course/intro-to-programming-nanodegree--nd000,Introduction to Programming
Mobile Design and Usability for iOS,School of Programming & Development,intermediate,"Product Design, Prototyping","In this course, taught in collaboration with Facebook, you'll learn how to design an intuitive, user-centered mobile app, from product conception to release.Learn More",https://www.udacity.com/course/mobile-design-and-usability-for-ios--ud1034,https://www.udacity.com/course/intro-to-programming-nanodegree--nd000,Introduction to Programming
Intro to AJAX,School of Programming & Development,intermediate,"Asynchronous requests with JavaScript, Data APIs, Web Applications, Site Customization","Learn how to perform asynchronous requests as you build a web app with data from Google Street View, the New York Times and Wikipedia!Learn More",https://www.udacity.com/course/intro-to-ajax--ud110,https://www.udacity.com/course/intro-to-programming-nanodegree--nd000,Introduction to Programming
Intro to Algorithms,School of Programming & Development,intermediate,"Algorithms, Social Networks, Graph Algorithms","This class will give you an introduction to the design and analysis of algorithms, enabling you to analyze networks and discover how individuals are connected.Learn More",https://www.udacity.com/course/intro-to-algorithms--cs215,https://www.udacity.com/course/intro-to-programming-nanodegree--nd000,Introduction to Programming
The MVC Pattern in Ruby,School of Programming & Development,intermediate,"Ruby, Sinatra, MVC Design Pattern, Writing organized code","In this course you’ll learn how to organize your code, and why that’s important. You’ll be using the MVC Design Pattern in the web application micro-framework Sinatra.Learn More",https://www.udacity.com/course/the-mvc-pattern-in-ruby--ud270,https://www.udacity.com/course/intro-to-programming-nanodegree--nd000,Introduction to Programming
WeChat Mini Program Development,School of Programming & Development,beginner,WeChat,"Developed by Tencent and Udacity, this course will teach you to build your first Mini Program.Learn More",https://www.udacity.com/course/wechat-mini-programs--ud667,https://www.udacity.com/course/front-end-web-developer-nanodegree--nd0011,Front End Web Developer
Asynchronous JavaScript Requests,School of Programming & Development,intermediate,"Asynchronous Data Retrieval, Ajax with XHR, Ajax with jQuery, Ajax with Fetch",Learn how to asynchronously request data in your web applications with Ajax.Learn More,https://www.udacity.com/course/asynchronous-javascript-requests--ud109,https://www.udacity.com/course/intro-to-programming-nanodegree--nd000,Introduction to Programming
Embedded Systems,School of Programming & Development,intermediate,"VLIW Architecture, Compilers for Embedded Systems, Differential Register Allocation, Network Processors, Multithreaded Processing","This course takes a holistic view of the embedded system stack focusing on processor architectures, instruction sets, and the associated advanced compiler optimizations.Learn More",https://www.udacity.com/course/embedded-systems--ud169,https://www.udacity.com/course/flying-car-nanodegree--nd787,Flying Car and Autonomous Flight Engineer
High Performance Computing,School of Programming & Development,advanced,"Shared Memory Models, Parallel Algorithms, Distributed Memory Models, Message Passing Interfaces, Hierarchical Memory Models","This course will give you solid foundations for developing, analyzing, and implementing parallel and locality-efficient algorithms.  Offered at Georgia Tech as CS6220Learn More",https://www.udacity.com/course/high-performance-computing--ud281,https://www.udacity.com/course/flying-car-nanodegree--nd787,Flying Car and Autonomous Flight Engineer
HTTP & Web Servers,School of Programming & Development,intermediate,"HTTP, Python, Deploying services",HTTP is the fundamental protocol of the Web. Explore how it works using Python code and command-line tools.Learn More,https://www.udacity.com/course/http-web-servers--ud303,https://www.udacity.com/course/intro-to-programming-nanodegree--nd000,Introduction to Programming
Advanced Android with Kotlin,School of Programming & Development,intermediate,"Kotlin, Android",Develop Feature-Rich Android Apps with the Kotlin Programming Language.Learn More,https://www.udacity.com/course/advanced-android-with-kotlin--ud940,https://www.udacity.com/course/android-kotlin-developer-nanodegree--nd940,Android Kotlin Developer
"Computability, Complexity & Algorithms",School of Programming & Development,advanced,Georgia Institute of Technology,Learn tools and techniques that will help you recognize when problems you encounter are intractable and when there an efficient solution.Learn More,https://www.udacity.com/course/computability-complexity-algorithms--ud061,https://www.udacity.com/course/machine-learning-engineer-nanodegree--nd009t,Machine Learning Engineer
Advanced Operating Systems,School of Programming & Development,advanced,"Operating System Kernels, Virtualization, Distributed Systems, Cloud Computing, Real-Time Operating Systems",Learn More,https://www.udacity.com/course/advanced-operating-systems--ud189,https://www.udacity.com/course/android-kotlin-developer-nanodegree--nd940,Android Kotlin Developer
Passwordless Login Solutions for iOS,School of Programming & Development,intermediate,"Account Kit, Facebook SDK, Graph API","In this course you'll implement Account Kit and Facebook Login side by side in a sample app, test our login flow on a series of common use cases, and wrap things up with an introduction to Facebook’s Graph API.Learn More",https://www.udacity.com/course/passwordless-login-solutions-for-ios--ud1028,https://www.udacity.com/course/intro-to-programming-nanodegree--nd000,Introduction to Programming
Version Control with Git,School of Programming & Development,beginner,"Git, Version Control, Creating a Git repo, Editing commits","Learn how to use Git, a popular Version Control System and essential tool for any developer.Learn More",https://www.udacity.com/course/version-control-with-git--ud123,https://www.udacity.com/course/front-end-web-developer-nanodegree--nd0011,Front End Web Developer
Firebase in a Weekend: iOS,School of Programming & Development,intermediate,Android Development,This course will teach you when and why to choose Firebase as a backend for your iOS application.Learn More,https://www.udacity.com/course/firebase-in-a-weekend-by-google-ios--ud0351,https://www.udacity.com/course/intro-to-programming-nanodegree--nd000,Introduction to Programming
Intro to Point & Click App Development,School of Programming & Development,beginner,"Salesforce App Development, Schema Building, Data Modeling",In this short class you'll build powerful apps without writing code. Great if you're an aspiring developer or someone who wants to learn what programmers do.Learn More,https://www.udacity.com/course/intro-to-point-click-app-development--ud162,https://www.udacity.com/course/intro-to-programming-nanodegree--nd000,Introduction to Programming
Deploying Applications with Heroku,School of Programming & Development,intermediate,"App Deployment, Heroku",Deploy your first web application using the Heroku platform and learn about the underlying mechanics of web hosting.Learn More,https://www.udacity.com/course/deploying-applications-with-heroku--ud272,https://www.udacity.com/course/intro-to-programming-nanodegree--nd000,Introduction to Programming
Applied Cryptography,School of Programming & Development,advanced,"Cryptography, Ciphers, Encryption","Cryptography is present in everyday life, from paying with a credit card to using the telephone.  Learn all about making and breaking puzzles in computing.Learn More",https://www.udacity.com/course/applied-cryptography--cs387,https://www.udacity.com/course/intro-to-programming-nanodegree--nd000,Introduction to Programming
Java Programming Basics,School of Programming & Development,beginner,"Java Programming, Java Syntax, Java Functions, Loops","Take your first steps towards becoming a Java developer! Learn Java syntax and create conditional statements, loops, and functions.Learn More",https://www.udacity.com/course/java-programming-basics--ud282,https://www.udacity.com/course/android-basics-nanodegree-by-google--nd803,Android Basics
C++ For Programmers,School of Programming & Development,intermediate,"Pointers and Arrays, Control Flow, Object Oriented Programming, C++ Templates, C++ Standard Library","This course teaches C++ to students already familiar with a programming language. Students will learn how to use header files, control flow, functions, classes.Learn More",https://www.udacity.com/course/c-for-programmers--ud210,https://www.udacity.com/course/intro-to-programming-nanodegree--nd000,Introduction to Programming
Intro to Backend,School of Programming & Development,intermediate,"User Input, Producing templated output, Databases and data stores, Secure user account systems",Learn to build a multiuser blog with Google App Engine that permits users to sign inLearn More,https://www.udacity.com/course/intro-to-backend--ud171,https://www.udacity.com/course/intro-to-programming-nanodegree--nd000,Introduction to Programming
Network Security,School of Programming & Development,"",Georgia Institute of Technology,Learn More,https://www.udacity.com/course/network-security--ud199,https://www.udacity.com/course/intro-to-programming-nanodegree--nd000,Introduction to Programming
JavaScript and the DOM,School of Programming & Development,intermediate,"",Learn More,https://www.udacity.com/course/javascript-and-the-dom--ud117,https://www.udacity.com/course/intro-to-programming-nanodegree--nd000,Introduction to Programming
Firebase Analytics: Android,School of Programming & Development,intermediate,"Android Development, Firebase, Analytics","Learn how to grow an app's user base using Firebase Analytics, a free and unlimited analytics solutionLearn More",https://www.udacity.com/course/firebase-analytics-android--ud354,https://www.udacity.com/course/android-kotlin-developer-nanodegree--nd940,Android Kotlin Developer
Configuring Linux Web Servers,School of Programming & Development,"","",Learn More,https://www.udacity.com/course/configuring-linux-web-servers--ud299,https://www.udacity.com/course/intro-to-programming-nanodegree--nd000,Introduction to Programming
How to Make an iOS App,School of Programming & Development,advanced,"iOS, Ideation and Research, UI, App Store","Learn the process of building an app, taking your ideas from drawing board to App Store!Learn More",https://www.udacity.com/course/how-to-make-an-ios-app--ud607,https://www.udacity.com/course/intro-to-programming-nanodegree--nd000,Introduction to Programming
Intro to DevOps,School of Programming & Development,advanced,"DevOps, CAMS principles, Continuous Integration, Delivery workflows","Learn all about the DevOps landscape, workflow, and a survey of the systems currently being used to support scalable software deployment.Learn More",https://www.udacity.com/course/intro-to-devops--ud611,https://www.udacity.com/course/intro-to-programming-nanodegree--nd000,Introduction to Programming
Google Maps APIs,School of Programming & Development,intermediate,"Google Maps APIs, Static Maps, Street View imagery, monitoring API usage",This course will introduce you to the content available through the Google Maps APIs through building a real-estate listings web application step-by-step.Learn More,https://www.udacity.com/course/google-maps-apis--ud864,https://www.udacity.com/course/intro-to-programming-nanodegree--nd000,Introduction to Programming
Passwordless Login Solutions for Android,School of Programming & Development,"",Facebook for Developers,Learn More,https://www.udacity.com/course/passwordless-login-solutions-for-android--ud357,https://www.udacity.com/course/android-kotlin-developer-nanodegree--nd940,Android Kotlin Developer
Mobile Design and Usability for Android,School of Programming & Development,intermediate,"Android, Mobile Design, Usability","In this course, taught in collaboration with Facebook, you'll learn how to design an intuitive, user-centered mobile app, from product conception to release.Learn More",https://www.udacity.com/course/mobile-design-and-usability-for-android--ud358,https://www.udacity.com/course/android-kotlin-developer-nanodegree--nd940,Android Kotlin Developer
Intro to Psychology,School of Programming & Development,beginner,"Pyschology, Research Methods, Biology",Go on a journey through psychological concepts and principles to enable you to gain a more in-depth understanding of human thought and behavior.Learn More,https://www.udacity.com/course/intro-to-psychology--ps001,https://www.udacity.com/course/ux-designer-nanodegree--nd578,UX Designer
Engagement & Monetization | Mobile Games,School of Programming & Development,beginner,"Game Development, Monetization, Engagement","You will learn the most effective monetization strategies for your game, how to  keep your players interested and engaged, so that your game stands out in the app store.Learn More",https://www.udacity.com/course/engagement-monetization-mobile-games--ud407,https://www.udacity.com/course/android-kotlin-developer-nanodegree--nd940,Android Kotlin Developer
Material Design for Android Developers,School of Programming & Development,intermediate,"Android Development, Material Design, Surfaces, Graphic Design",Learn and apply the material design principles that define Android's visual language to your apps.Learn More,https://www.udacity.com/course/material-design-for-android-developers--ud862,https://www.udacity.com/course/android-kotlin-developer-nanodegree--nd940,Android Kotlin Developer
Intro to Data Science,School of Data Science,intermediate,"Data Analysis Process, pandas (Python package), MapReduce paradigm","What does a data scientist do? In this course, we will survey the main topics in data science so you can understand the skills that are needed to become a data scientist!Learn More",https://www.udacity.com/course/intro-to-data-science--ud359,https://www.udacity.com/course/intro-to-programming-nanodegree--nd000,Introduction to Programming
Intro to Data Analysis,School of Data Science,beginner,"Data Analysis, Python, numpy, pandas","Explore a variety of datasets, posing and answering your own questions about each. You'll be using the Python libraries NumPy, Pandas, and Matplotlib.Learn More",https://www.udacity.com/course/intro-to-data-analysis--ud170,https://www.udacity.com/course/intro-to-programming-nanodegree--nd000,Introduction to Programming
SQL for Data Analysis,School of Data Science,beginner,Mode,Learn to use Structured Query Language (SQL) to extract and analyze data stored in databasesLearn More,https://www.udacity.com/course/sql-for-data-analysis--ud198,https://www.udacity.com/course/business-analytics-nanodegree--nd098,Business Analytics
Intro to Inferential Statistics,School of Data Science,beginner,"Inferential Statistics, Hypothesis Testing, T-tests, ANOVA",Intro to Inferential Statistics will teach you how to test your hypotheses and begin to make predictions based on statistical results drawn from data!Learn More,https://www.udacity.com/course/intro-to-inferential-statistics--ud201,https://www.udacity.com/course/digital-marketing-nanodegree--nd018,Digital Marketing
Spark,School of Data Science,intermediate,"Spark, SparkSQL, Spark Dataframes, Data Wrangling, Machine Learning",Master how to work with big data and build machine learning models at scale using Spark!Learn More,https://www.udacity.com/course/learn-spark-at-udacity--ud2002,https://www.udacity.com/course/data-scientist-nanodegree--nd025,Data Scientist
Data Analysis and Visualization,School of Data Science,intermediate,"R, Data Analysis, Data Visualization, Regression","This course will introduce students to the field by covering state­-of-­the-art modeling, analysis and visualization techniques.Learn More",https://www.udacity.com/course/data-analysis-and-visualization--ud404,https://www.udacity.com/course/data-analyst-nanodegree--nd002,Data Analyst
Rapid Prototyping,School of Business,intermediate,"Prototyping, User Research, inVision",Learning to prototype will save you time and money in the development process. You’ll create quality apps faster and have confidence in the viability of your products.Learn More,https://www.udacity.com/course/rapid-prototyping--ud723,https://www.udacity.com/course/intro-to-programming-nanodegree--nd000,Introduction to Programming
Creating an Analytical Dataset,School of Business,beginner,"Data Issues, Data Formatting, Data Blending",Learn how to prepare data to ensure the efficacy of your analysis while improving fluency in Alteryx.Learn More,https://www.udacity.com/course/creating-an-analytical-dataset--ud977,https://www.udacity.com/course/intro-to-programming-nanodegree--nd000,Introduction to Programming
Problem Solving with Advanced Analytics,School of Business,beginner,Linear Regression,"Learn a scientific approach to solving problems with data, a foundational skill for anyone interested in making data driven decisions in a business context.Learn More",https://www.udacity.com/course/problem-solving-with-advanced-analytics--ud976,https://www.udacity.com/course/intro-to-programming-nanodegree--nd000,Introduction to Programming
Classification Models,School of Business,intermediate,"Binary Classication Models, Non-Binary Classification Models",Learn how to use classification predictive models to solve business problems involving non-numeric data.Learn More,https://www.udacity.com/course/classification-models--ud978,https://www.udacity.com/course/intro-to-programming-nanodegree--nd000,Introduction to Programming
Product Design,School of Business,intermediate,"Product Design, Design Sprints, Ideation and Validation, UI/UX","Learn product validation, UI/UX practices, Google’s Design Sprint and the process for setting and tracking actionable metrics.Learn More",https://www.udacity.com/course/product-design--ud509,https://www.udacity.com/course/react-nanodegree--nd019,React
Segmentation and Clustering,School of Business,intermediate,"Variable Reduction, Clustering Models design",The Segmentation & Clustering course provides students with the knowledge to build and apply clustering models to develop sophisticated segmentation in business contexts.Learn More,https://www.udacity.com/course/segmentation-and-clustering--ud981,https://www.udacity.com/course/intro-to-programming-nanodegree--nd000,Introduction to Programming
Time Series Forecasting,School of Business,intermediate,"Time Series Forecasting, ETS Models, ARIMA Models",The Time Series Forecasting course provides students with the foundational knowledge to build and apply time series forecasting models in a variety of business contexts.Learn More,https://www.udacity.com/course/time-series-forecasting--ud980,https://www.udacity.com/course/intro-to-programming-nanodegree--nd000,Introduction to Programming
App Marketing,School of Business,intermediate,"App Marketing, User Segmentation, Customer Acquisition","This course will help you organize a strategy of identifying your perfect user, and teach you how to grow your user base by focusing your product on their needs.Learn More",https://www.udacity.com/course/app-marketing--ud719,https://www.udacity.com/course/intro-to-programming-nanodegree--nd000,Introduction to Programming
App Monetization,School of Business,intermediate,"Product Design, Google Analytics","Learn how to effectively develop, implement, and measure your monetization strategy, iterating on the model as appropriate.Learn More",https://www.udacity.com/course/app-monetization--ud518,https://www.udacity.com/course/intro-to-programming-nanodegree--nd000,Introduction to Programming
A/B Testing for Business Analysts,School of Business,intermediate,"A/B Randomized Design Tests, A/B Matched Pair Design Tests",The A/B Testing course provides students with the foundational knowledge to design and analyze A/B tests to create business insights and support decision making.Learn More,https://www.udacity.com/course/ab-testing--ud979,https://www.udacity.com/course/intro-to-programming-nanodegree--nd000,Introduction to Programming
How to Build a Startup,School of Business,intermediate,"Entrepreneurship, Value Proposition, Revenue Models, Customer Segments","Learn what it takes to build a successful startup using the Customer Development process, where entrepreneurs """"get out of the building"""" to gather and iterate on feedback.Learn More",https://www.udacity.com/course/how-to-build-a-startup--ep245,https://www.udacity.com/course/react-nanodegree--nd019,React
Get Your Startup Started,School of Business,intermediate,"Entrepreneurship, Bootstrapping",Acquire the know-how necessary to see your business grow towards its next milestone.Learn More,https://www.udacity.com/course/get-your-startup-started--ud806,https://www.udacity.com/course/intro-to-programming-nanodegree--nd000,Introduction to Programming
Managing Remote Teams with Upwork,School of Business,beginner,"Team Management, Workforce Training, Business Strategy, Agile Management, Remote Work",Bring your remote-teams to the next level with hands-on skills to manage your remote workforce effectively.Learn More,https://www.udacity.com/course/managing-remote-teams-with-upwork--ud942,https://www.udacity.com/course/product-manager-nanodegree--nd036,Product Manager
Hybrid Cloud Fundamentals,School of Cloud Computing,intermediate,"Hybrid Cloud, Nutanix, Hyperconverged Infrastructure, Prism web console, Private Cloud, Virtual Machine",Dive into the role of a hybrid cloud engineer and learn how to use Nutanix's Hyperconverged Infrastructure (HCI) software to configure the different components of a private cloud cluster.Learn More,https://www.udacity.com/course/hybrid-cloud-fundamentals--ud0321,https://www.udacity.com/course/hybrid-cloud-engineer-nanodegree--nd321,Hybrid Cloud Engineer
Intro to Cloud Computing,School of Cloud Computing,beginner,"Cloud Computing,  AWS Console,  Compute Services,  Serverless Architecture,  Cloud Databases","This free course will equip you with the foundational skills you need to pursue a career in cloud computing. The course covers fundamental cloud computing principles and features hands-on practice using AWS, the leading cloud service provider.Learn More",https://www.udacity.com/course/intro-to-cloud-computing--ud080,https://www.udacity.com/course/cloud-developer-nanodegree--nd9990,Cloud Developer
Cyber-Physical Systems Design & Analysis,School of Autonomous Systems,advanced,Georgia Institute of Technology,This course provides an introduction to cyber-physical systems with an industrial perspective.Learn More,https://www.udacity.com/course/cyber-physical-systems-design-analysis--ud9876,https://www.udacity.com/course/ios-developer-nanodegree--nd003,iOS Developer
Differential Equations in Action,School of Autonomous Systems,intermediate,"Math, Differential Equations","Write Python code to find numerical solutions to systems of differential equations. The models you create will fight wildfires, bring spaceships back to earth, and more!Learn More",https://www.udacity.com/course/differential-equations-in-action--cs222,https://www.udacity.com/course/intro-to-programming-nanodegree--nd000,Introduction to Programming
Self-Driving Fundamentals: Featuring Apollo,School of Autonomous Systems,beginner,"Apollo HD Map, Localization, Perception, Prediction, Planning, Control","Identify key parts of self-driving cars, utilize Apollo HD Map, localization, perception, prediction, planning and control, and start the learning path of building a self-driving car. Learn More",https://www.udacity.com/course/self-driving-car-fundamentals-featuring-apollo--ud0419,https://www.udacity.com/course/intro-to-self-driving-cars--nd113,Intro to Self-Driving Cars
Linear Algebra Refresher Course,School of Artificial Intelligence,intermediate,"Algebra, Python, Vectors, Intersections",Learn linear algebra by doing: you will code your own library of linear algebra functions!Learn More,https://www.udacity.com/course/linear-algebra-refresher-course--ud953,https://www.udacity.com/course/intro-to-self-driving-cars--nd113,Intro to Self-Driving Cars
Machine Learning: Unsupervised Learning,School of Artificial Intelligence,intermediate,"Randomized Optimization, Clustering, Feature Selection, Feature Transformation, Information Theory",Ever wonder how Netflix can predict what movies you'll like? Or how Amazon knows what you want to buy before you do? The answer can be found in Unsupervised Learning!Learn More,https://www.udacity.com/course/machine-learning-unsupervised-learning--ud741,https://www.udacity.com/course/intro-to-programming-nanodegree--nd000,Introduction to Programming
Big Data Analytics in Healthcare,School of Artificial Intelligence,intermediate,"Data Analytics, Health Care Applications, Algorithms","In this course, we introduce the characteristics of medical data and associated data mining challenges on dealing with such data. We cover various algorithms and systems.Learn More",https://www.udacity.com/course/big-data-analytics-in-healthcare--ud758,https://www.udacity.com/course/flying-car-nanodegree--nd787,Flying Car and Autonomous Flight Engineer
Intro to Descriptive Statistics,School of Artificial Intelligence,beginner,"Descriptive Statistics, Estimation, Central Limit Theorem",Intro to Descriptive Statistics will teach you the basic concepts of statistics that can be used to extract information from data.Learn More,https://www.udacity.com/course/intro-to-descriptive-statistics--ud827,https://www.udacity.com/course/data-analyst-nanodegree--nd002,Data Analyst
Intel® Edge AI Fundamentals with OpenVINO™,School of Artificial Intelligence,intermediate,"Edge AI, Intel OpenVINO, Computer Vision, Deep Learning",Stay at the cutting-edge of AI technology by gaining practical skills for deploying edge AI. Learn how to use the Intel Distribution of OpenVINO toolkit to deploy computer vision capabilities inside a range of edge applications.Learn More,https://www.udacity.com/course/intel-edge-AI-fundamentals-with-openvino--ud132,https://www.udacity.com/course/intel-edge-ai-for-iot-developers-nanodegree--nd131,Intel® Edge AI for IoT Developers
Artificial Intelligence,School of Artificial Intelligence,intermediate,"Artificial Intelligence, Probability, Bayesian Networks, Logic and Planning, Machine Learning","This course gives a survey of topics in AI along with in-depth foundational concepts such as classical search, probability, machine learning, logic and planning.Learn More",https://www.udacity.com/course/artificial-intelligence--ud954,https://www.udacity.com/course/ai-artificial-intelligence-nanodegree--nd898,Artificial Intelligence
Secure and Private AI,School of Artificial Intelligence,advanced,Facebook AI,Learn how to extend PyTorch with the tools necessary to train AI models that preserve user privacy.Learn More,https://www.udacity.com/course/secure-and-private-ai--ud185,https://www.udacity.com/course/deep-learning-nanodegree--nd101,Deep Learning
Model Building and Validation,School of Artificial Intelligence,advanced,"Questioning, Modeling, Validation, Data Analysis, QMV Process",This course will teach you how to start from scratch in understanding and paying attention to what is important in the data and how to answer questions about data.Learn More,https://www.udacity.com/course/model-building-and-validation--ud919,https://www.udacity.com/course/intro-to-programming-nanodegree--nd000,Introduction to Programming
Data Visualization and D3.js,School of Artificial Intelligence,intermediate,"d3.js, Design of Visualizations, Data Visualization, Visual Encodings",Learn the fundamentals of data visualization and apply design and narrative concepts to create your own visualization.Learn More,https://www.udacity.com/course/data-visualization-and-d3js--ud507,https://www.udacity.com/course/intro-to-programming-nanodegree--nd000,Introduction to Programming
Machine Learning for Trading,School of Artificial Intelligence,intermediate,"Pandas, Time Series Analysis, Computational Investing, Algorithmic Trading, Reinforcement Learning for Trading",Implement machine learning based strategies to make trading decisions using real-world data.Learn More,https://www.udacity.com/course/machine-learning-for-trading--ud501,https://www.udacity.com/course/ai-for-trading--nd880,Artificial Intelligence for Trading
Machine Learning,School of Artificial Intelligence,intermediate,"Supervised Learning, Unsupervised Learning, Information Theory, Reinforcement Learning, Game Theory","In this course, you'll learn how to apply Supervised, Unsupervised and Reinforcement Learning techniques for solving a range of data science problems.Learn More",https://www.udacity.com/course/machine-learning--ud262,https://www.udacity.com/course/ai-for-trading--nd880,Artificial Intelligence for Trading
Intro to Hadoop and MapReduce,School of Artificial Intelligence,intermediate,"Big Data, Hadoop, MapReduce","In this short course, learn the fundamentals of MapReduce and Apache Hadoop to start making sense of Big Data in the real world!Learn More",https://www.udacity.com/course/intro-to-hadoop-and-mapreduce--ud617,https://www.udacity.com/course/intro-to-programming-nanodegree--nd000,Introduction to Programming
Real-Time Analytics with Apache Storm,School of Artificial Intelligence,intermediate,"Data Analysis, Real-time Analytics, Apache Storm","The world is trending in real time! Learn Apache Storm, taught by Twitter, to scalably analyze real-time tweets and drive d3 visualizations. Storm is free, open and fun!Learn More",https://www.udacity.com/course/real-time-analytics-with-apache-storm--ud381,https://www.udacity.com/course/intro-to-programming-nanodegree--nd000,Introduction to Programming
A/B Testing,School of Artificial Intelligence,"",Google,Learn More,https://www.udacity.com/course/ab-testing--ud257,https://www.udacity.com/course/intro-to-programming-nanodegree--nd000,Introduction to Programming
Data Analysis with R,School of Artificial Intelligence,intermediate,"R, Exploratory Data Analysis, Data Visualization",Data is everywhere and so much of it is unexplored. Learn how to investigate and summarize data sets using R and eventually create your own analysis.Learn More,https://www.udacity.com/course/data-analysis-with-r--ud651,https://www.udacity.com/course/intro-to-programming-nanodegree--nd000,Introduction to Programming
Knowledge-Based AI: Cognitive Systems,School of Artificial Intelligence,advanced,"Semantic Networks, Common-Sense Reasoning, Logic & Planning, Analogical Reasoning, Visuospatial Reasoning",The twin goals of knowledge-based artificial intelligence (AI) are to build AI agents capable of human-level intelligence and gain insights into human cognition.Learn More,https://www.udacity.com/course/knowledge-based-ai-cognitive-systems--ud409,https://www.udacity.com/course/flying-car-nanodegree--nd787,Flying Car and Autonomous Flight Engineer
Introduction to TensorFlow Lite,School of Artificial Intelligence,intermediate,"TensorFlow Lite, Deep Learning Models, Android, iOS, Linux",Learn how to deploy deep learning models on mobile and embedded devices with TensorFlow Lite.Learn More,https://www.udacity.com/course/intro-to-tensorflow-lite--ud190,https://www.udacity.com/course/deep-learning-nanodegree--nd101,Deep Learning
Introduction to Computer Vision,School of Artificial Intelligence,intermediate,"Image Processing, Stereo Geometry, Feature Detection & Matching, Object Tracking, Classification & Recognition","This course provides an introduction to computer vision including fundamentals, methods for application and machine learning classification.Learn More",https://www.udacity.com/course/introduction-to-computer-vision--ud810,https://www.udacity.com/course/deep-learning-nanodegree--nd101,Deep Learning
Intro to TensorFlow for Deep Learning,School of Artificial Intelligence,intermediate,TensorFlow,"Developed by Google and Udacity, this course teaches a practical approach to deep learning for software developers.Learn More",https://www.udacity.com/course/intro-to-tensorflow-for-deep-learning--ud187,https://www.udacity.com/course/machine-learning-engineer-nanodegree--nd009t,Machine Learning Engineer
Eigenvectors and Eigenvalues,School of Artificial Intelligence,beginner,"Linear Algebra, Eigenvectors, Eigenvalues",Learn how to calculate eigenvalues and eigenvectors and why they are important for AI applications.Learn More,https://www.udacity.com/course/eigenvectors-and-eigenvalues--ud104,https://www.udacity.com/course/intro-to-programming-nanodegree--nd000,Introduction to Programming
Intro to Artificial Intelligence,School of Artificial Intelligence,intermediate,"Artificial Intelligence, Machine Learning, Probability, Logic and Planning, Markov models","This course will introduce you to the basics of AI. Topics include machine learning, probabilistic reasoning, robotics, computer vision, and natural language processing.Learn More",https://www.udacity.com/course/intro-to-artificial-intelligence--cs271,https://www.udacity.com/course/intro-to-programming-nanodegree--nd000,Introduction to Programming
Artificial Intelligence for Robotics,School of Artificial Intelligence,advanced,"Probabilistic Models, Kalman Filters, Motion Planning, Robot Control, Simultaneous Localization & Mapping","Learn how to program all the major systems of a robotic car. Topics include planning, search, localization, tracking, and control.Learn More",https://www.udacity.com/course/artificial-intelligence-for-robotics--cs373,https://www.udacity.com/course/intro-to-programming-nanodegree--nd000,Introduction to Programming
Intro to Deep Learning with PyTorch,School of Artificial Intelligence,intermediate,"Deep Learning, PyTorch, Neural Networks, CNNs, LSTMs, Style Transfer",Learn the basics of deep learning and implement your own deep neural networks with PyTorchLearn More,https://www.udacity.com/course/deep-learning-pytorch--ud188,https://www.udacity.com/course/deep-learning-nanodegree--nd101,Deep Learning
AWS DeepRacer,School of Artificial Intelligence,intermediate,"Machine Learning, Reinforcement Learning, AWS DeepRacer",Learn the fundamentals of machine learning and reinforcement learning in a fun and engaging way through autonomous driving with AWS DeepRacer.Learn More,https://www.udacity.com/course/aws-deepracer--ud014,https://www.udacity.com/course/machine-learning-engineer-nanodegree--nd009t,Machine Learning Engineer
Reinforcement Learning,School of Artificial Intelligence,"",Georgia Institute of Technology,Learn More,https://www.udacity.com/course/reinforcement-learning--ud600,https://www.udacity.com/course/deep-reinforcement-learning-nanodegree--nd893,Deep Reinforcement Learning
Introduction to Machine Learning Course,School of Artificial Intelligence,intermediate,"Machine Learning, Supervised Learning, Unsupervised Learning, Evaluation Metrics, Data Manipulation","This class will teach you the end-to-end process of investigating data through a machine learning lens. Learn online, with Udacity.Learn More",https://www.udacity.com/course/intro-to-machine-learning--ud120,https://www.udacity.com/course/intro-to-programming-nanodegree--nd000,Introduction to Programming
Data Science Interview Prep,Career Advancement,intermediate,"Interview practice, Common Data Questions, Data Structures, Career Advancement","Prepare for data science interviews by practicing data analysis, machine learning, and data structure and algorithms questions.Learn More",https://www.udacity.com/course/data-science-interview-prep--ud944,https://www.udacity.com/course/intro-to-programming-nanodegree--nd000,Introduction to Programming
Front-End Interview Prep,Career Advancement,intermediate,"Interview questions, Common FE Questions, Whiteboarding, Career Advancement",Answer front-end technical and behavioral interview questions with confidence and poise.Learn More,https://www.udacity.com/course/front-end-interview-prep--ud250,https://www.udacity.com/course/intro-to-programming-nanodegree--nd000,Introduction to Programming
Data Structures & Algorithms in Swift,Career Advancement,intermediate,"Interview practice, Swift, Data structures, Career Advancement",Review and practice the skills technical interviewers expect you to know and learn how to explain your Swift solutions.Learn More,https://www.udacity.com/course/data-structures-and-algorithms-in-swift--ud1011,https://www.udacity.com/course/intro-to-programming-nanodegree--nd000,Introduction to Programming
VR Interview Prep,Career Advancement,intermediate,"Interview practice, Common VR Questions, Whiteboarding, Career Advancement",Learn how to tackle interview questions for technical roles in VR Development.Learn More,https://www.udacity.com/course/vr-interview-prep--ud251,https://www.udacity.com/course/intro-to-programming-nanodegree--nd000,Introduction to Programming
Product Manager Interview Preparation,Career Advancement,beginner,"Product Management, Interview Preparation, Career Advancement, Product Strategy, Technical Interview","Ace your product management interview by understanding how to answer key strategic, technical, and practical product questions.Learn More",https://www.udacity.com/course/product-manager-interview-preparation--ud034,https://www.udacity.com/course/product-manager-nanodegree--nd036,Product Manager
